SW5RN0EFEQ4XMTKRHW1N5AKT6C2WOK;Petrol;1044;12;4.8
Q5EZZEOW1IVB8UL0M8GL2B4RRZPPBN;Electro;535;0;0
VGFJTABU3TV588RZTATBCPKZT0ZXPY;Hybrid;145;12;1.6
QJ71KNWB2Q5F3HLHTAMBEFG4DRUCNJ;Hybrid;323;8;1.7
M1QF4KSRGH1ISQSTV17SL38IK62OFZ;Petrol;286;6;3.5
LTBA2TE2V8FRT3NOLB7KX7W46BACCN;Petrol;604;4;4.1
E36165TKVM37EV1HCRX81JTDRYTI1T;Petrol;906;10;6.6
XEYNH6TC7WJX55L6T82A56RF38ROXD;Hybrid;597;6;3.2
3BF7WAZYFNK4WWMETV40VOLZTJQ6YD;Electro;871;0;0
Z4XTGXTAAXXP1UHT2QBUS87KX1HEKV;Electro;234;0;0
MMWINW42RZQE66ZYMUTWQWJPYWG71H;Electro;312;0;0
PV17FXD35HOGX486XTIZ14LE2TZP22;Petrol;1268;6;6.9
AH6KVKA8VCDC17IL3WDXZNIQCQQ52K;Electro;1129;0;0
H10D111KOGRWQ46PMYJ7SVNYWWJEPE;Hybrid;827;12;3.8
7GEHIYBDQTJ1HVEC03SZ1TELQV6R8S;Hybrid;791;4;1.9
AV7ZBVYA7PQYG6EQ3ZFNTX1YF0S288;Electro;667;0;0
2RREF6WKWVHMAV7BMQB0JAR80MKEQB;Hybrid;704;4;5.3
KBURKQJVHTRRQGIIPWCXIYINHVDLCA;Petrol;427;8;3.3
JXVV4BM2I3Y5HRJ6FMCN4D8I6W0ZO8;Petrol;911;8;6.1
DN7E8NR38R4305CLCD3A1V4K54CKSV;Electro;334;0;0
1A2Q8JWSQNG8VN25VE71A5177CCQNG;Hybrid;909;8;1.1
VFMFTUIHIBMWKIJLYNPF8QW3WWAQGW;Electro;624;0;0
QUFBYNZ3U10JXOMR46MRXVYUAICWL1;Electro;448;0;0
C1CC5UTESL6N1UH4RS75JIGZFXSWTU;Hybrid;1076;6;4.4
8NQH16VW8MKT4MJD8TD2ZOQ5A7ZS02;Hybrid;472;6;6.3
PJHZIP22VNR58GDE8W4B2DWBNCHIT1;Electro;994;0;0
7JFPQUCP2RNY1XMHX21EQ2N8QV5BD2;Petrol;124;8;6.0
P7Y6VHCHKY5E5BIOXU65H57TPR4BD2;Electro;1232;0;0
S4FZLLPOPJ2DKQHNDR88DZPT8UVHCA;Petrol;140;12;1.3
3LHZ0T5IPXS2N3XXEBQEOIVEECDIE6;Petrol;786;12;1.1
7K60C2WOTMRSBPWAVFF40OJQDD2JYL;Petrol;1057;6;4.4
2ACWNCQ6PWSUQW1FNN6B2FNZ5ZXCJB;Electro;1065;0;0
WYYFC46QAEFYGL23UALIJHDFK1RG56;Hybrid;1347;10;6.7
022OO5OA6MOUBBKXJXOR3L8X6V6U7P;Electro;191;0;0
ACPBZKHBKWA7QD8GW0ZQTMOLQJ0DND;Petrol;747;10;4.8
ZMRO2JTL0XE553OPUIEF4XCMUPPH4B;Electro;1003;0;0
ELZ4H1G2LH5M7CKXFY88CF63OSNPRG;Electro;230;0;0
PPZ0VKUWBQOZVQ6RUL0WRLJKTQRXQK;Electro;776;0;0
45OQH6VLRXP7FFFX88VD7QTUA8SNQL;Petrol;1305;6;2.4
BTHFUTANRJY8EREKC1VLVAJDE4K5ZD;Hybrid;261;8;6.1
XPGZY2LFJTZH7EJKOUVWYYKFA7USX5;Petrol;261;4;2.3
MEBPQGM428EQB847OWXG4E7WGHEXSK;Electro;1279;0;0
OQE0P5XLU4THXBW21XBQZJMTQW5OK6;Electro;945;0;0
6B5Z0QAN1RF5H3OYFGTUZ5S3WXOZTU;Electro;1159;0;0
L1NYD8XX3UV5RJWJ5TTWBTYFOY474U;Hybrid;1124;4;6.8
BICX1PSYX5MTUW4L11XW12H7V101NW;Electro;385;0;0
I6ZR6NE63TE3NMZHL4Z3SMHJ40D6BE;Hybrid;1055;6;6.5
CSHB13HKE3FWWB6YRVBUQJI32Y7MO0;Electro;258;0;0
ZTOG66DUH14BIH5O8ID3MCBKTC2DLC;Hybrid;942;8;5.5
KH3E8W837VMLJBGEREK2HXMTUL3IWV;Petrol;1099;6;1.6
OBGTYKSSWZMAMS1N0QKOCUCFKP71IO;Electro;655;0;0
IHEWBXR01ZIINNBJCO768AED0KNJZB;Petrol;1041;8;5.3
S4BFJE6UYACO2KUONX6R6QQGGKC2JH;Hybrid;890;10;1.0
MFZV3ND6Z0UGFPBDCDTAOIHZJQHLLC;Electro;902;0;0
QBFQRPETPSVR51A43FHJHGGPXV7O16;Hybrid;1256;8;6.6
GA3STNZXXS5IHDBIKE21L25R6OIX5S;Hybrid;183;4;5.4
T0HWD7V0EQS2OSLFHL7O1XV8ZW0NKL;Electro;912;0;0
VOZZWF1ILYXS4T5PECYWOPZFE7H206;Electro;210;0;0
J603PXC81FOE2C0JDXWGDI0GE7EGKQ;Petrol;642;10;5.1
Y3Y5FSYPYSB75VIW5ABP138C8VAQAJ;Electro;903;0;0
3NT6RT05HFYH7NJ46R2SQ84GW5ESAV;Petrol;162;10;1.5
XLOYEJJ1MWZ7ZUAT6BTCW66ZV56BD7;Electro;1121;0;0
P88W3BIHEDEI8KY6X6EUU32XF6FYSP;Electro;322;0;0
C3BTEMZ6F1Z53IN035EQZ178O5U16K;Electro;476;0;0
Z2XD74EGHU6KEMIJL1XP1L0RMH2NJ4;Electro;946;0;0
FZB6L3CE3RPJTR83STXMRFD6E1VUQF;Hybrid;1413;6;3.5
UQ070DQ4POARNVYJIA8VNEHK80R377;Petrol;272;8;1.4
ACGSN02EBGYYYKIJFDBF5ZCAZAY0SP;Electro;1429;0;0
K7IQC1ZE0TBI1V56DGMUWI5Y53AYXV;Electro;639;0;0
GC0CEH1S6CI7FJPHR0ONBSUY5DXYOB;Electro;1265;0;0
4A54VLZGJJIPOZBLIZ3Y80TROF07AE;Hybrid;640;12;1.0
Q6NRKNFB8WERM30WW501LAUE0ASXE1;Electro;974;0;0
U651TZF5Z1KR0FWRWPWYX4MPZ1J0LR;Petrol;149;12;5.0
D5XA1NZBNI0BPQAKPOP7RE0GO2BN77;Electro;1022;0;0
6Y3NMUFQ11YGD5T651JIIGJBTLEMX4;Electro;389;0;0
420DJKAAPW73I515MGO6K80T07O2B2;Electro;1450;0;0
UI83V6VYYAYSMLEVA8J83EN35ZN7EJ;Petrol;1196;8;2.6
ZAP4C8J8PL0134N5VCDK4236CRN0KS;Petrol;1451;4;6.3
C8WFCAVXWFXSKFM1QA7802Z3GY13AX;Electro;290;0;0
A5LRZHOBH5LJCQVFBOK5ZS107ZTBTW;Petrol;1030;6;4.1
OSA7H30CYXRXBYVEQRM3O3IAOGN14P;Electro;705;0;0
BWF4CFVVO2J8RDEVJ65Q81P6P2P362;Electro;1356;0;0
U70S8DSO4RTKKS0BW8AVDGOSJDKEAP;Hybrid;233;6;1.7
JETXOG0QZD0BQD5OHBCO1HYBWWUXKO;Electro;720;0;0
54BT6E1J71N7FIENPDZGI5M74K03F6;Petrol;231;10;3.6
WFI5GXAVQEC27OCN74TGDAI1EWPXVL;Petrol;672;12;4.8
31ZGGAZT8ZVH58EH2OKHT5YBXRAE45;Petrol;874;12;3.8
52W5QZBLXU3MP8RH2QSDQU7MZNJZDI;Electro;291;0;0
LL1TC5DSJK8KGD8ERKH3HKXXBM8FV5;Hybrid;1063;8;5.6
28K6THN0513P7CXMOSRC5QFKMWXOR6;Petrol;560;6;3.4
H32E3GVL33XLC7F1SYQ0ZISV2PYBVT;Petrol;228;8;3.7
OHENTA5IASOMGA7NBJJ0DVPF4CFPWM;Electro;950;0;0
B3XQ7PX7SIG3Q1526N2GDP2PIYBUJK;Petrol;1493;4;4.6
BZ0VDTTESHFJ2N2SGNADN24CEPQP3J;Petrol;232;10;6.8
RS7ISVCK8SRUE4THEB26GU3DOALRFD;Electro;1055;0;0
TQ2OR1IBRLXGQHK63EXC1XW6UQCB86;Hybrid;994;12;2.5
57E6DFNUJWH00NOPY14NKBNL77V4I7;Hybrid;1352;6;6.3
06G6FMU8JZ3IQLBX7U532KORH5OVDN;Electro;693;0;0
NFLUXEQ15CBARS0UJ2VHHRDBOE1OBK;Electro;222;0;0
FESFFAL0O44DJXTQ2Q227EXBHUBST1;Electro;1365;0;0
BJ71Z8BOCI4NEWHH2HA6XZE8P7DW3O;Hybrid;604;6;6.2
WIR5TLGOS2MJ2IVZB5PSA0ORABLYJV;Electro;896;0;0
27BZXOV6XA2QKFG3GK5I7UBRMUKJFP;Electro;240;0;0
NQT4IVUV20MWRVATBWCQW1BIKT2OBS;Hybrid;322;8;5.3
T4XPH1C2WR86S7S0FTE5NU22VMXQZJ;Petrol;1407;10;2.5
0E68J7TLFII2JH863KBEKPAJP0G7R8;Hybrid;1482;8;4.0
575I0AO21ECFGVCOVEUS0CD04EAYPH;Hybrid;894;12;1.5
8YFPKPLGVGHW6AHKTJVA317U7L0PUC;Hybrid;628;6;4.4
218Z3FP0NYUQ3COCZOPRULQM6RVAE5;Petrol;1320;12;2.9
FKP2HNXYC3K7HYAA85B7RFJ76VU7R1;Hybrid;429;12;2.6
BR2GHSAL8M6YKC1II6QOPN6S6RLHAT;Petrol;440;6;1.1
G4FHL4WQH2P7FZ0PNLQ2070L6SNPA7;Hybrid;1078;8;2.3
5A2O3DREMMP235B2DRF25X4PWZQ3W7;Hybrid;1202;10;2.9
22V2VKOA40VQKWC4X8HG2NUOZC32BS;Petrol;963;12;3.8
LTHITQKU1M33YQU4UIASBZFFMUE4M7;Hybrid;534;6;2.2
AEMU80YQXVPM8Z4KR2HGN8HCDWDO3Q;Electro;1089;0;0
15BJN1JVWM88LAPVGI1SEFD5NQDK3B;Petrol;781;4;3.7
WHAJORIF3II072CRQSCAZBCK1J4V8Y;Electro;1246;0;0
514BVVUQFTZ33P3OC2ZJDWFNBVZR7W;Hybrid;905;8;6.5
LF16THBQRV4MLTBW2EVHTOG625BRF8;Hybrid;1269;6;2.1
FC74PWPXQCQFBCN3YF67K27FYUPNUP;Petrol;642;12;4.9
5GGOW5C2WQQNMNVJ46GQTCFRSLAUR5;Hybrid;1235;6;3.8
RZ1XJWPH88MA7AYA2KCMPS0TXRA2TO;Electro;290;0;0
325IKI1BQNZU0J6FYBN1AYQAI33DSB;Petrol;270;8;6.8
VBI3IIQMB87TT7D60VOUGON5RQV00T;Electro;162;0;0
5LH5EI3RMGHED8RH2IAU3LSZ23OJJD;Petrol;1273;8;6.0
RDBCKMMGF1IQWVSJZLSY2UHFWSXW3S;Hybrid;790;10;5.1
EDD225TELTVI0I06R16RJRWNQPU7BO;Hybrid;1030;12;4.9
OIAEEWUL4FF0YL5O0TWPWY72JMD8JD;Hybrid;221;10;5.6
WGAQJ366E2LTCND53B52S7Z4WBLY7X;Electro;367;0;0
4WVI4HUXTO4LIGCOTDT73FHNDFXQCM;Petrol;111;8;4.1
OUYGCHJQZG4M3LYFO803TVW1W15LWO;Hybrid;204;8;4.3
ZSZE7P7KA777JS7QWJHOFOESHS1VDF;Electro;450;0;0
OUU1LORXCV8ZW1BPB546IFDNE386TQ;Electro;515;0;0
L0USKS6RZWL3BAELOZ5T6ZN3S7K6GH;Electro;531;0;0
BDOVDETKJRKB6VARMQ3CWWITJUOW4N;Petrol;1369;4;2.1
B3QFQMCNX442K2MUOPPWFJMG5FS1T4;Hybrid;646;12;6.8
5R8MJGGLN6KUGRJZP5AM13ZOJASFZ0;Electro;612;0;0
HVAXL6TEG0AIX0HRFT6WPIEYPDIT1N;Petrol;920;10;5.1
7BLE0BWDW5OOIB5Y8EBI8VW7U0RE78;Electro;1380;0;0
XGJBXGJQJAR20NOQRE7RZ6IY3PMOML;Petrol;712;10;2.3
2HZXGDW3EVRI2OYCVMIYWX664OO2JJ;Petrol;1197;6;5.8
NDCPRSAMSNA6WUXUAQDRWZQFXGJDEV;Electro;1275;0;0
YM1E2GBU67FFKYG45PJOAQMVGRLSIE;Electro;1493;0;0
2MAQF58XPUCBGEZBAYVDAFZJXWMJSZ;Petrol;944;12;5.7
35NRCSABYWPHCOKH0T2MD7Y71YHSUS;Petrol;1247;8;4.5
P8JFCZJ41QWATPS1Q6ZRQIMH5PPZLL;Electro;714;0;0
DRXYW53FKVBRQNS7BHUDJXIPJOFKKY;Hybrid;1346;8;3.2
T22R2CV352RAV5UD5KN7VN7UPKUJFG;Hybrid;624;6;4.6
8OZHUYGV7TIGGC635JTUQ2X4UNHL0G;Electro;514;0;0
RQ6FPMKGTNW0A8GFA7WVON2J7SIPTR;Petrol;611;12;3.9
8HFCWYW0QE8XOAVSX8TNSVORKPNL1M;Hybrid;1388;8;1.3
PXQGV13E68IZ2BDS6HGSSKNQ8TEX3L;Hybrid;944;6;2.6
0OKSBXX325ATS08LCLW83TZT4TAVNS;Hybrid;1151;8;5.1
CMLKBMMQGL7JIKOTLC0615FI66RQ8P;Electro;341;0;0
AIQGYPC0S7U465OIKCFXAM7VSH1IT2;Electro;1255;0;0
TCEKGAIGV08Z8B6IUUUILYMZHD2BAV;Petrol;296;10;3.0
VPFU5NUB6ZFIC46PIULZZPGNLPDVG2;Petrol;134;6;1.9
U8CNK1Q5KB13EK83TA0VXI1PTH5CR2;Hybrid;1496;12;2.8
O0FYSYBMABXQ6GYM7DTPLKZ3MK22XT;Petrol;441;8;2.4
WL8CIPLBKK23M0RXZ4AW7JHWKF8TVF;Petrol;970;10;5.6
FEM14NTRBW2VQYUV84JU1C31IIGNOL;Hybrid;1104;12;1.3
KMMW7N3RXQLISR0GGZOT3AY4U10UX8;Hybrid;1131;12;6.9
4DV32FPOSBUWLIOCHLXNIRPWQ45Q8C;Hybrid;629;4;4.1
JF8IDNGKW3L87O2I6XOA437AJJ7IEI;Hybrid;653;6;5.6
GWSB28CS6COYMYFE34QN3LH33BH1KX;Petrol;472;8;1.4
SHLTUT2LHLYHCS2MP4LBZD6QFL4XZQ;Electro;1274;0;0
3RTOK6MJZ70OAV67K8H38S8LHHQXVG;Petrol;1325;12;4.6
MKFFQML64QWWBIA4VAZD7OW1R4BRJK;Petrol;1291;12;3.4
C2QQ5NX5ULTIY07AXTZSMENZ0CWIQ8;Electro;1219;0;0
0B1Z016G6CI6GJS3ZK2FD3NLOTZU2T;Electro;1012;0;0
YRLZEGVI2PYGTS20GS5MLIML6ODBJF;Electro;675;0;0
42G2377Q5V755P1P0AW0C2BTJJSNMI;Electro;714;0;0
6G70V3Z2Y8FFHXTMH1G5PNUFB8ORSY;Petrol;1207;6;6.2
KMOVCPA188QUXLL2N8T25RK8Y7614W;Petrol;1240;10;6.5
6KP25OQ05KJVB6GOY3VBZ2J0ITQ373;Electro;915;0;0
WOVSGAEHZE5GGVH3GBNJ8K578ZPH4Y;Electro;669;0;0
UPN4VJXXQA3UHAF2XGZ1YN6W3F4UH4;Electro;573;0;0
RCXWR1GS85HFH7JCHFODC3A2JBCZBJ;Petrol;128;8;4.6
XFXBJYQVPZMYK80YVE53GQ7QXYEUCE;Hybrid;1177;10;6.6
QG8ZVCA2CYWQ8BX82EQZNSEADG12QZ;Hybrid;299;8;2.4
W6M11POTPAXAQ5QTZ2PHEXFUS2J4Z8;Hybrid;1455;12;4.6
ETKS7AQFMKL3U3QZU0F42F7PZNM4H4;Petrol;333;4;1.0
6XY3UM524ZYSOCRYW6ZAWGGOP3YPCZ;Electro;860;0;0
VYLJ102T17MWTVXGQ3NY7E1ZHQUH5T;Petrol;1277;12;3.9
16QI1J78RHF44ZSYCKGCKIJGWITK37;Petrol;862;6;1.0
L6O3DETZMAMDXE3NKE7R7Y6AN1X2HS;Electro;1087;0;0
K6VIZHLKXBBTGAGU113JGL6OBNP8DT;Petrol;620;12;4.2
0YQZ5QMLKL58T0ZN5PI5A7K224Y7TR;Petrol;260;6;2.5
VE08A3WVLAYMBCZBSMYBB5TPT17842;Hybrid;789;10;2.0
P1PFCWS8Z7FY8OERBCKMGZ6MKAHVRV;Electro;1093;0;0
2207W84RF7BXAJ8FRZKCEYRHKZRRTS;Electro;1238;0;0
CK3EUW1QYBJV6QTF62SH0BS5AZYYY4;Hybrid;631;8;5.3
SWL02S0D8JFD07SNWVH2NZV2U3M0J5;Electro;204;0;0
SY4KRSQH7R5ECBU6JGUPT3WI4DKIP1;Petrol;757;8;5.1
FRLT0Q6NAN2NEG4ERD4KMJMP3MK1PH;Petrol;494;12;5.1
VYH7IKG8IFFCL0NY4J4Q8JSMUAPP6S;Petrol;1122;12;1.3
KAQUDT6TDLZL13VLYAT24O2WEGI5YS;Hybrid;1393;10;5.0
82LLAOQOSQFON4WMW8KMPGFOYDPU0K;Hybrid;865;4;5.2
S4QNXPUPRBS2RI1WAP6GJ5OLLTHRII;Electro;1409;0;0
E61YIRE0IMNAORTEHFEIFH3PL8CN8B;Petrol;243;4;4.7
VNUQA5L5654XA1OYURZKIOZGS52U87;Hybrid;1097;8;1.7
YXUX3KKMPNC55ELA6BACK5RU86DOOG;Electro;743;0;0
WPAZGCUEEOPA313G0OBARGQVPLTCRQ;Electro;1122;0;0
Z0Q0PO3Q8EJ5RL27AUVTDGRLY0U6UT;Hybrid;1346;10;4.3
A00XWJE1XRRQZF64QSAFVHCXYXIATM;Hybrid;950;12;6.1
MKHD8S336CKK2IPSPIWV5EMHM0NB24;Hybrid;1277;10;2.5
YE5A7JAXOPY60AV0Q28U2CCY4JQCGA;Hybrid;437;12;4.7
ITRGRB5V2KT3QBU01MA42PMCQ204VP;Hybrid;564;8;4.6
8LF034KYI4DQG32FGAPF8N828LV2FP;Electro;1001;0;0
WHWZJTZU4MGN5PJI1G8MZDZZFD3RPW;Hybrid;351;12;5.8
12C66IJZ7HCC0BKHIS16YJPYT33C53;Petrol;1263;10;6.2
O1L142DTA5S0PGSEQI6MBD1GY3RYIT;Electro;815;0;0
LIT7DM5Y5ZESIMKF10EHE2MLDK0SN7;Petrol;1198;12;6.2
IR06MBZ2M25P8AA21VRJJ62OITIYTR;Hybrid;1228;10;4.2
HXIYLVJ7UH3GF53QUZOKJFA47DNLXU;Electro;904;0;0
DE8XBO3AKH142KHRQ8FU21JV5PKNHT;Hybrid;837;12;3.3
UYP2C23CW1BUO80BWMEM5UQNY4CERB;Electro;809;0;0
W2WVTCJKQQRMKZM3R8LM6GAODX3FCB;Petrol;595;12;2.5
CJKEGIBQ8K5G8XPF363VSTCLJ2BXC1;Hybrid;1228;12;2.7
DQ5ON6SN4JL1D6GYZ1GFFH3XZH1CIR;Hybrid;157;6;4.8
GSKAVDAMBL7TG7SVZWG6A366DK3WO8;Hybrid;384;10;4.9
RJOINM2IKEBLMMWSD0DMXWYRDRDNO3;Petrol;420;12;3.6
4JWZQNOWGQEL6O2DVI8B43W86HXBQ1;Hybrid;1068;8;5.0
N7124DJZD1ERP6M3EBK1GFSXXFLU8O;Hybrid;160;10;3.1
2QJQXOAHGF3RGV2J2YZMTX0HTSIY5I;Hybrid;430;12;2.6
7FUXUTSOUNG0N3WDXQDMVFZC7NVQVK;Electro;687;0;0
KH2UYUAVP887187KXOHKMNYTUZP2JF;Petrol;662;12;4.7
Z3NRRULARI0J2L1VZ5PHPK6JSG8F64;Hybrid;227;10;1.4
N2GF2LPSYPDTYFU18LN44JCGOYVLIM;Petrol;1498;8;2.4
4T6XNTYEEHYHQNSSIC7C4XG4PR8EB7;Petrol;1383;6;2.3
WZMRPTV4DECQDFWD44543YMQOYD63C;Hybrid;1104;10;5.7
J0IOP45FVM67NZMZLGMD0O23E8SWYP;Petrol;268;8;6.3
ASAKNWLFTAUTO1AHWV60RZOYVSPLB2;Electro;1168;0;0
0C5K7NHM35P3X507JW0OG2CAC1TEAZ;Hybrid;641;6;3.9
E4I6C3HHE7EP23H268A1R2J235D5N4;Petrol;543;6;5.9
HSWXT3BZNQ4487COVZ8NULPO8R0ID7;Electro;1294;0;0
GUUBAGW4HEYENNUB8622N503LMBOM2;Petrol;1179;8;2.3
ECPPLI20UU8CK8WFQJD5NQDKT2REW5;Electro;1131;0;0
NRY3SKKZ3PTL6IQCAQEKYTCU5YZMHE;Electro;295;0;0
77NDMKDL6QGQGKS5WSK6UK1327I6JY;Petrol;1086;8;1.6
P5BQX08JL1WAO14618V4I8PG38BTAM;Petrol;202;4;2.7
Z8IBQAWFDFY0SVYSLYBDEPTK2QZWP4;Hybrid;1476;10;1.5
RR872OGASCKUMBR740GHVPW8JKLX1E;Hybrid;842;6;5.4
BAW80ZYQ7S8JERAPFW5JDSGAZIXS2U;Hybrid;1199;8;2.2
6CAEVR0BNUO33CS5CI8KQHDW0SUX5A;Petrol;1106;10;6.4
6ZD3G63HUS41TFGIOPQCA7SDYR1A1S;Petrol;405;6;1.2
WGILV1EAOC0KQRPRHYUTHVRHFYCZAG;Electro;595;0;0
8BXFYZ8QS5PUMBD0PVQYB3LQ5COM80;Hybrid;682;6;2.2
YRRAECFD6LDI74UQIJMSOG4QO2OVSC;Hybrid;355;12;5.3
UXUHUAC2QDOL7R36TZLUKOUBPOQS7F;Hybrid;237;4;6.8
5TQLSORWLKR4052R6CB6CY1SD0MVWW;Electro;853;0;0
7HTZP128RY7I1E3624FP62P5P2U3EP;Petrol;799;10;1.2
SWM2TURWU4F7TLNZM6N4K70HZQ0YH6;Petrol;751;12;6.2
WX2JLP2C4EM0M0QU6D1R8DQAWO8L5C;Petrol;151;6;5.4
GNFRNLNMIL7RJXPKSGGDN1PGVZEORP;Hybrid;718;8;5.7
7ZWLXHW1UES72QUWZD00JICC7DJTMM;Hybrid;557;10;5.2
A5ATHPFKAXQW2WZZMW5UWRWD0ESZZA;Petrol;1087;6;5.6
I18ZEX0M3UJ7FBHLFVDFXFNK4AOM6Y;Hybrid;476;8;1.5
TQSI3R0PXTWXI2LICLLEPZN7PG03BJ;Hybrid;370;12;2.5
SCNMS3CTXBJUTYE117STX14EI0SLCP;Electro;524;0;0
VF463LJW4ZOXM6X5QMRNVQYHF3RAFZ;Electro;127;0;0
BKJCGW2JCPSZIB1JC4HSC0AQ2U4EC7;Petrol;341;10;6.9
PML7LY5B18QB7KWG6KZYANSL4W5JNO;Electro;1122;0;0
JX1VHJ3OSMCKSMI7TV0SIWF2S3UZYW;Petrol;476;8;4.0
IW5LC03ZS7NBKN11TC8SX6L6CX7DDD;Petrol;1039;4;5.5
CSQUFLI7E44EH2FB5HGULMM73WKNFI;Electro;792;0;0
OT82RYRCWQPQB630UKT32TN8HMGGQC;Hybrid;604;6;5.0
X2OJDL5TL5Z00PJKZT5C1FYOCD3FVF;Hybrid;209;6;6.6
D45MDKTYH0DR8NFM3WLO4SN1JTGUQD;Petrol;1318;8;5.4
C4X1YSFDS1Y0IRYB0O8I3UIJFMXZGN;Hybrid;1144;4;6.9
5JM376JTH36MLT8SSQR3QV2BRIUQKU;Petrol;562;8;2.8
SF61FEO74017TZA0KA2EOJKS1JIEWY;Electro;294;0;0
U6M536DASJPNV0OHH3EQ0GPGL68X6A;Hybrid;372;12;5.3
HL4LYFTP0UDNPD73O3Q4UTYOX2RUFZ;Petrol;721;10;3.3
L517GSSJSKFZGY1JH3VIZQADGVEOA1;Petrol;1329;6;3.5
TJL5Q8A81IZU1DB71ZKF8DZVYJ6MH1;Petrol;898;8;4.5
D3ER4FZGEP6IXD6NHWCD3W7AVAO2JO;Petrol;659;8;4.5
0HDQLA10F8S1BINUCKV8XP35PQC8CP;Hybrid;184;10;5.1
4GTE5DOXPMOOFFWUROD4I0ODNBM1XF;Electro;1061;0;0
KK4E15VDRUFYDWVA4AGKBAZHN2JJLK;Petrol;1102;12;6.1
GX2N247Y2Y254EJY03CAYI3GFKEWIY;Hybrid;881;10;1.8
QEBOUIT2UQVRLCEOUSKMGE4FR8D843;Petrol;1053;12;1.2
KTJ588Q6FW373ECZS276DSS221WLGZ;Hybrid;156;10;4.0
1TA5Q5AJYSERFTPXWF0RIVXF4EV2NH;Electro;923;0;0
VYAIGT4EEYLECD04HR7HTCVS4IBX5H;Electro;1022;0;0
YLEHFEN684VIWZKFERNQAEPP3LF56I;Petrol;729;10;3.6
ZUH8IAJR3DW0G0A5W20VLTGXQ8SD8F;Electro;1281;0;0
VIPDQVP3S4G7AFPOSLENNYBLXOIGSY;Petrol;193;12;3.9
784S4TBYV4W47UJK0B4V6I7CPCJEP8;Electro;116;0;0
LD10K2YJ721SKIP0E2H4ANPT6JLQ3G;Electro;989;0;0
IHVBNUKFQ4K2VUA73BM18XCBXNUAAT;Electro;925;0;0
71X3IF6BMDKWRCFBA87P4FOY2FKSDK;Petrol;692;6;1.7
B21NH2EDSEO5K6MOZAVKEDB40CVJQ1;Electro;1088;0;0
Z6B5B34HNJNE3F8N620UWDJ6CW70IE;Electro;458;0;0
J8LI3SEPR04T7RGO5GNNM7H3LH3YR5;Petrol;694;10;2.5
PBLQV1G5J8EGD0KAFKMWOH1ZSPQPO4;Petrol;738;12;6.7
EWK08YTNRP05IG7M0VL4OX24YMKWQT;Hybrid;1455;10;2.8
BJ56FCRUOGOZV36ENSAO22Y6TZ7K3H;Electro;1026;0;0
6OUKVXD3OS3HEYN8CREWIDJSMIJ8CC;Hybrid;200;12;4.5
CVRTO53M6ZRX6NJSQ5W6O2C8FKFAQS;Electro;1052;0;0
56HFPGJD1FNMFARNTJM3HKAQTTOBNB;Electro;1051;0;0
XH8RJ0ZDN5ZKJ81OFNXZBKGFEYWKAN;Petrol;1279;6;2.2
BKY1TBPRDES4U5U8BCYGL2US2ZE4S3;Electro;833;0;0
4LDW6DZS72ZYLL2BGV4AOLW8360LRO;Petrol;1413;10;5.4
GCPKTMQ7ROB814T4YSPINK38RGTCTN;Electro;488;0;0
YM4J1AVMWXQFQ3VYLX8O2MX67NRPKQ;Hybrid;1233;12;4.4
LGGB83KUZS7KHONLFCFG1TH8DRWKIP;Hybrid;310;8;2.5
WOUUA8FEQHAV2A3F106PMEN3DTXGLV;Electro;190;0;0
UGYX1HCMLJSJPLSB7DSHZ8ME6SYC5T;Hybrid;1313;12;6.2
SP5B3P6GCG2D0B46HHRDQ4UOFRU103;Petrol;1452;8;6.2
F6UCUFLK26V6T0E4L22WPYT86APAER;Electro;937;0;0
U7ELZLAQZBJVTWQTOEFNBRQ1AXBCHE;Petrol;765;8;4.8
JTBEPJN7BBHCIARJZKRMDKG1QQOFL8;Electro;981;0;0
FLOGNZJM7XNPY42E3AQG4PVBS3GV51;Hybrid;861;4;4.3
Q2ULNEH8RRK3EB6M746BBMO6XTOP00;Electro;1111;0;0
RIYPXPMVDJR3MVUXYQY1C4O4ESUJDC;Petrol;517;4;4.0
PFZLVZ2ATNNMJIRDB8SLUYY3S84LA3;Electro;416;0;0
Q722KV7SP21ERBNRWITI52JZC8Z63R;Hybrid;1157;8;4.1
O0F3CC4RUU531VITYI8OQ5WLGZR7PB;Petrol;1005;8;6.2
0G5JONPDU6E717DYOFJBK377J8IL1D;Electro;1118;0;0
H1D76T170CO5IQEP64D4ZPTATI7W1F;Hybrid;688;10;4.4
LALZ11UXEYJF38L6WU045MK4T1M1XA;Petrol;944;12;3.5
DH6W2FND88DJ3OE6PPQ0P8QNZKSJC1;Hybrid;475;6;4.3
5OCPC46HDOKTDVJTUETRSFX420PIJD;Hybrid;122;8;5.9
X2KPCGM5N6FRUV5QMP2OZT4XGXTXEE;Electro;1202;0;0
72G670JBE4ZSEILAID3C02PU45BWJM;Electro;1003;0;0
JLZ1UTWICQ5IXFVHQWNYBNH7KI8R36;Electro;1262;0;0
KIX353ZMMKIRVLCCXRPG711H7U26TB;Electro;539;0;0
WCU5R4LEO6LL5K4L7UF0MO5VKWTFQF;Petrol;959;10;1.3
JA2VYSQ88H787BAQKELCG8K7JDC2UF;Electro;1496;0;0
6536EBSOIN5Z5MQND6JMK4E7MUQ00C;Petrol;942;10;5.8
ZLEQOEYZF0DHTJVP2EG8FMT8F71FZH;Electro;1041;0;0
J2JYMWHSNVLEGLF0BZ4EHFMXICVHCW;Hybrid;1449;10;3.9
Q5NEB3BYDX3W8F21MY0HORR4B66UWE;Electro;184;0;0
85OJU6GMRIK6NGBIK6EO1212QNDMF4;Petrol;1339;6;4.4
RC81NFBTZKS16HUDMR5PNLFBFS2PUE;Hybrid;139;6;2.9
800F2DLC4KRX5M4UFVJL5O3IUGBVD5;Hybrid;1464;8;5.8
216KGA74PFQXGKTJGLCAY78VJMHBKY;Electro;1217;0;0
364O1NIRQQN4Y64PGVG0DTIPMAK60J;Petrol;854;4;1.5
N4HMY5C7JPEWA2VGMDN1N0Y4MSOJLX;Hybrid;449;10;5.6
H42XSJXXDXEPMODEMCWKI8HPN5UN0Y;Electro;196;0;0
AHBP48PSIQFIGFD4KUNSRFFNYLL2K8;Electro;592;0;0
2E6DROF5R274IX1XZ37NO7J1EZUCD1;Hybrid;976;12;5.1
BATWFRBUN5JSOT7N6S5L6CQEONQR15;Hybrid;749;8;1.3
MZZ1NVLE80GTV07UDH2KE2JB1A2JD5;Hybrid;1469;10;4.8
RX727E08VRHP8EDLX53EM4BB8RPMEK;Petrol;307;4;5.5
JP2KIR0FQ4VX1RUYJBZNU2I6FSDZWH;Hybrid;974;8;4.5
XP7ER7IOEZDMELL3HJDABC6MFC28A8;Petrol;738;4;6.4
EYX8U7ZBSIRN8DI0YI60U3H818SGFH;Hybrid;1318;8;3.6
F8S73JGUW85EAOCK2LQ0EZZ47W3YBW;Electro;1064;0;0
40NTP5SMC1RC5VB3NRYCPRZF4QZWZZ;Electro;1389;0;0
BK6T7R16KF6R4E0IV2HAQNHCVE2TYC;Hybrid;701;8;5.8
7FL3DW72735LUQ51KYE7DU74RYTMJY;Hybrid;1010;10;2.5
Z0NYBXA6LSYYMIB13K2NHS8UX5ZO13;Electro;1136;0;0
FO6MSPQHRITS1WHXSW3YDPVVLBGNF6;Electro;1444;0;0
YT21A8DKO4DYNOLUU1Q3KGSH5AUGQF;Petrol;408;8;5.4
20FSY3H444O1DPVGR1TW8EWXHYK7B6;Hybrid;519;4;6.1
HTIMD4FQKRL660CRMGOTY7UVOKPP11;Hybrid;1009;12;2.2
0FWYJP2MIC8MMA5P285NIR11BWU2HM;Petrol;541;10;5.9
T3C3EP53ODM2A6GDDMN3IKJTI2MVX1;Petrol;570;8;3.2
10384KCGU61NA1303XSEI77BEHLI1S;Hybrid;1259;12;3.0
AULFE857WEJ0ICC8KUIR6OCDATMRPQ;Hybrid;377;6;3.0
ZCB2SG660XQ7MCEEZIUKDHHGDB3Y3T;Hybrid;1415;8;5.4
0WH0ZS77NY065TU5FZS8X64AOWBWV5;Petrol;775;6;1.2
FUTMAIX8YVG032LGIY55J3IX7OXEYH;Hybrid;1450;12;3.7
EN265M1IZJ48JAY0EKK3KFK3AUH0SV;Electro;797;0;0
PT4TBXE3ZLRIZJPJ61I0KKPATG2XWH;Electro;136;0;0
T1EKED2DDGBB06Z0B84YSS65BEUAE8;Hybrid;1179;6;4.6
GXGIXTIJDPYTICL8BSPFGB8KJ5BH5N;Electro;1385;0;0
SEZ24UPS338AGHZAAAQ34RSJEJBVIZ;Hybrid;983;8;5.7
H74Y2YHIXUP73FSYXRFE14T0JQD7N4;Petrol;998;12;2.2
KPMDXD4QO1TFFMP3B2PTRJWXLQPDJA;Electro;966;0;0
3IXW1JFP6C7UL200GY47SHR4YEXC7V;Hybrid;1128;10;1.0
I7LGIPDK8KG7GGKCE5JJWKLCY3OCD8;Petrol;1247;10;5.7
8X0HCC5IUBX2KTU08VS4RPSBVN0VL3;Electro;196;0;0
RHZBO4VPXZL2G6BRGF8UFHFLROXWFS;Hybrid;409;12;2.2
NVWP0VCNHHCZCCSDG1338PIOHXGYC1;Hybrid;530;12;6.9
V44UTIHUO18WJF8FUV6B1PLCFVNLUM;Hybrid;504;8;2.2
XC3R4VD0U7531ANDA04O07ZB0HLOM6;Hybrid;1459;6;4.8
K7PQN7SPO7V2ON8YIO8K5IXG5F75DB;Electro;306;0;0
GQKKEJE3IHJ58K8SP7FFGRX8A2TLZ3;Petrol;755;8;4.0
F4KM2S8N2REQL7005OTUYLB4XFGH62;Electro;1299;0;0
1B4QU5XBGAOLJ2WVXFMG2GEDSSV8XP;Petrol;760;12;1.8
VD0L4Z4HXDVMEYOHUM1JHHR5IKT748;Petrol;253;6;4.5
EO0PVY8318IG55DQL83P6ZJLSN3DSA;Hybrid;1063;6;3.7
IFJQZGE2UWRRHUBBGFYDGDG3SG4VIF;Electro;1142;0;0
70SR1QKM23Y5NVXOEPNOB70ILX1BJQ;Petrol;237;6;4.4
AQE5ZFHWSRY0CH0RCZBFIYHO7CYQ5S;Electro;318;0;0
I1G27844GFFHNJIJTOJSWT8DLFITP4;Hybrid;795;12;4.0
DZVE26HVW4HD650JXBCU03JOOC2MCT;Electro;427;0;0
HDXM66Q013AUOF6FBS42UFN2CX6NWC;Electro;507;0;0
6HPBV5HHNTZN2THSXGCV6FVKJ0EAMD;Hybrid;393;12;5.2
JKQBKBH24GNF67P4IQWAKWTRIU87G6;Petrol;1118;4;5.6
M0JQSFRRPXR01RXHU1F41TN813FCY1;Electro;1096;0;0
VFDB8OHLGNNYHGWEPETQE8MMK6K3AG;Petrol;1064;4;2.6
QRPY4WFT54B84M76MXASAKFHX3J3GI;Petrol;1200;8;6.0
JZUK7A62EI1H4BRKI2G1E536Z2GF6Y;Electro;1093;0;0
ZFELYXDH8ES7HQ6CAO8P1DLZ6AJA6X;Hybrid;1141;12;6.2
W0LAHDISGPW4UWU08STS1EWBGPWCVK;Electro;1500;0;0
586GUHYIG6D8XT5P6IV0ZYTFIPATTZ;Electro;817;0;0
23LQDMUTEWQGGCY28UAJ4UZDJL5F2V;Hybrid;439;8;1.0
PTEYUXNMF8NAICEA62X74KXK3CK73M;Petrol;1332;10;2.9
871SJFCWNRRT6GJYDWNFY211RPBLJI;Electro;1189;0;0
ROKCU1GYCQ36PWAJP1KYX3ZF5ZC0MN;Petrol;750;4;5.3
7P8IZFBJTC7J0EVVX3UQ271EKZJBG6;Electro;1040;0;0
WGI2X637E512FIN4IWPSGGD1XOA2CX;Petrol;259;8;4.1
1NJ6SRWZLPHCKVUO48LFE3EZXGT511;Petrol;324;4;5.6
1GGWXG2B8REYSCPTFQS7QDHWZR0INB;Hybrid;336;8;6.6
GM4FZ1ODYDX8B5V48HIUVQ72E4GFMA;Hybrid;443;8;3.3
YWNQXLKFKCEHPE0JFNVCM3A3IXBH7I;Electro;366;0;0
PAPUM5AMTYEPUHGBH076XD0LP706G7;Electro;204;0;0
218EEDKL58HR4RXSCPXX7MS1M2F3US;Petrol;1414;8;6.7
X606YMN6H5CLOVIC4FD7ILF2I86PGK;Hybrid;263;8;5.4
065Y3VKPHG7K0XNSKMWQ8F73TXBTZX;Hybrid;317;6;3.1
5CYY438XGDJ0AQRC4EJQZPWFRA10HS;Electro;694;0;0
A5Q7PTS4XKB0K5EFTIBCLIXFHLDV1K;Petrol;601;12;6.9
O6572Q8CN3CN8DNRJXXSTEPOAGYLGS;Petrol;937;12;2.6
XWSDNV2Y4L5N71B45COHA3GLUGPAQS;Petrol;232;6;3.8
Y85MLSQGWKYDWTBW2NQCSUZXSTN7YJ;Hybrid;971;10;5.4
TLCVX56IGQROZA0C8RQXYUJZWAM3MG;Electro;1406;0;0
MBYDHSTAVU6W6J1G8V0MMVG237B2KK;Hybrid;1471;10;2.7
V1M7LA1DNJ40Z6MDWXREI0IAZL2V5R;Hybrid;1353;12;6.2
SI1EJACMIKRO72YRWN3UOZ3SPZBTRY;Hybrid;1198;10;5.0
PQGT06FBTZ7ATADLK1XBWS1MSGEQBW;Petrol;605;4;4.0
8OTOZHE0JIS7TKS2NM8AHMBVS6M4N3;Hybrid;968;8;6.4
QZCQCIDOR4HDMPA028A1E21U1S7K3L;Hybrid;215;4;3.3
VXDOVJ7QMP14SAS81CO1SGYP7X6ST4;Hybrid;1156;8;1.4
65JCFAKUZ7Z76XSUAN4QBDIMRNADHD;Electro;1278;0;0
15IM325IFWUXM1ZBG06ATEU8SK51DQ;Electro;1260;0;0
B0PSGSN5WWESCZ8ON5C1NPXLXO16XC;Hybrid;311;10;6.7
XT8OXSAMUXWLBM7YJ74NL7I2MPNJKF;Hybrid;1428;10;4.6
KU08WJ7COTS076W8TUQU35OYO30R4H;Electro;428;0;0
RCAEA11W41BJNXIWJATRZWMS0TAF4G;Electro;268;0;0
DW8KBHL37238I2FLHZ2RMOZFG6LFET;Electro;1252;0;0
0Z8DNI0X6AR37N6IUQL31X6PWVD50G;Electro;1112;0;0
QMK2BRQ74RYOTEQ40Y022PVA8CP6XZ;Hybrid;327;12;3.0
Z5ELIZR4G2JWXE8WIKMDFIA8KNZ1H8;Petrol;1379;6;2.0
B4W6GKA0GMNGABMO1SBGXBWKEBTKBV;Hybrid;747;6;3.5
07GTS5DGTN511XZFLZYMHVVN2JCOOY;Petrol;505;10;1.3
KBOZQSH58XYOU1W3Y7UF40T7Y8RZTJ;Hybrid;223;8;4.9
LFKKXQCQC8NFTIGZPFUI1PZQGCYNQJ;Hybrid;457;4;4.5
3TL8ZYJQ82UXAHY5PWEAXLM27G2MGF;Petrol;313;6;6.1
FG4Q0CNW80YOUV5Q2OBS58B4511FE0;Electro;638;0;0
5IB2UTG7BLI4OR56UHEX0REVVOBDTP;Petrol;1289;8;5.7
VGOU5G6XXIY46110PH7V36ORALSROD;Hybrid;1444;4;1.5
KO30FB0RDUR6XGWWLDVXPWZ63ECKVR;Hybrid;632;8;3.4
8ZA2IGJFOYDNJAU8FAX0TK116MC3G4;Petrol;769;12;5.7
DZCTI5OMY0IUSNXEOZTXMC50AM3Q2X;Hybrid;1111;6;6.3
6QYQELWN114YQF1PVDZSHZAROCMNM4;Hybrid;484;12;6.2
0U5UB4ATPNWP5G5MYWCBYD4LEGS55O;Hybrid;1462;6;6.3
X3XQAQDHAQZLWFG20NZ0VU3FN7I66C;Hybrid;997;10;3.8
ITXLNZF2XO77ZWWIUGXSCAEIF6KZQY;Electro;437;0;0
NVN8LJF30BUHY07F3RWTG26Z7KK4ZY;Hybrid;1197;10;2.6
N54C55BAFEZU0E33Q8FW082RCS2Y75;Petrol;697;8;5.3
C8P35W8GUUNS85HFASOSEB78RACMWU;Electro;826;0;0
HQDW6LV3IRD0QTIW1LMAVIRTKKW016;Hybrid;366;10;1.6
3MD8ADGCX6T8GYNP6VAM6C5L4Z4TSL;Petrol;1391;4;2.0
1GGEDW6PKX6GONV33SIU43GRVIWZZI;Petrol;1163;4;2.0
4BCFMB5LEQQ5PET0Z0RFGXXWQWOF7P;Petrol;635;8;6.1
KTL8L7PWOPBR03KDQJ0IXQWUCHBE53;Electro;1028;0;0
JD0WJE37C3DLPNJLAQN6UHS1FU4UTB;Hybrid;805;4;1.3
I5OAUXCIUOTNBA1JP8MSDP3V6QT0IN;Petrol;355;6;2.2
TOLQS450EYUEG4L5O1LAC5PKA58Q8M;Petrol;525;8;2.2
HKVELD14JHK2BB8AFCGPE7GV66GY6G;Electro;1263;0;0
U4G7OWQDAG27VW0WNBVL5H7I5TJ37B;Petrol;1221;6;2.2
AAMPI85MKEONCQEITJMAHEB85KXTES;Electro;1035;0;0
K5DXFHFAGSPJF6YKEUOI7NX3K6XTGM;Electro;866;0;0
VMMAKEA6B5D66M4H43SDYZS8FIPEHZ;Hybrid;1101;8;4.4
HD1200IUI4IZYWX7IUWT1NS5TYRPGU;Petrol;712;6;1.2
G7558CZ8CF041L7OYYCS4JYLUSYMOZ;Petrol;106;8;1.7
LK26BVQZKCJ578OQKNXWW67IE1G2ZH;Petrol;307;12;2.7
8EOPWRWLQNZ2IO2O565OXC7GWMV8YJ;Hybrid;179;10;2.7
XFGFAXQQL7UX6MKN485LI35XIHKH4N;Hybrid;1186;8;6.8
AT83MK1BDFAQQNMPWXWT3BIIZN1DVO;Electro;372;0;0
EZTF51OT24R8LER3X6NCA2K1KKJU5P;Hybrid;917;8;6.7
4YHR3LC4NLAW7FXEF6TDBBJ4SMEGL5;Electro;1282;0;0
D7MAN5LT2GO4GWAZ01Y5WPW7EEBZEY;Hybrid;798;6;6.9
NY0FD6MCB3STF8M14F7QTJY35F2VII;Electro;1059;0;0
CI23YWAJGC6KB5X3BF0Q8JUUO2BVGS;Hybrid;1030;6;6.1
D6GUALI36NJ1S48AFNGEIH603AEGQZ;Petrol;815;12;2.2
NOGIU4DTVLQ6B5JID62C8SGYV5QJBU;Electro;465;0;0
PJC2ES0P5BLBXQ7AR3PCS2WNIPQ0TP;Hybrid;468;8;6.2
BZM5YU6QDKQ75MQOFTM2BNLFVU45M4;Hybrid;418;8;5.6
WMPLZN6Z4YMQPV4P3W3LWTI01IQRX8;Electro;438;0;0
KSFXSQORTCDAHYF1B4KEFHJP011DLU;Petrol;1321;6;4.6
JB6HNLCZXI7J62RBZF4HOWN1MFMG5X;Electro;691;0;0
P5YBN6YK80G30NR6WM1BJJ1JCTF7JJ;Petrol;473;8;2.9
PO8Y6NC6IZDRO2KKD3AIBFI8ISM74E;Petrol;1489;12;1.2
BIX1EHVXRHQEK7JMULSP7DTLGS3L28;Hybrid;1192;12;5.4
TB4VT3GQLQMNDBUKFZF5R51LR6ONUB;Electro;1259;0;0
KJJZYULYGIW3RK1NLIUL2T8DB64A2M;Electro;1042;0;0
DIJWWDLWQG4Z2VBSGFECU4G0O7I1SK;Electro;1334;0;0
SJOPS2DIB8EJ26YMWGK4X6HWD6RPB1;Electro;201;0;0
GZST6TKZG2BHR4RZGNH1O1YCAUZ2SB;Hybrid;616;8;4.3
THWVRAQADHSDQUF1Y4YHLGW2ZH8W0N;Electro;1095;0;0
K450UQC8FMK5AF6QACEAL137URBHLW;Hybrid;882;12;4.0
EBCNYBAL1X8XAF5KXLF7LF8GLINCOQ;Hybrid;738;6;5.7
CLPJ827GEGV68OBO3KW63UE2DFJ2YZ;Hybrid;762;10;3.1
DB8UNZCZOFXNUDMXIXG28LQX084LUO;Hybrid;492;6;4.3
DRS2KN0BPMQ2EEA8WA3SUMQZ2IS824;Hybrid;399;10;5.7
6F1RYS6REJKRLG6D5F24LJBZBAGUJ3;Hybrid;1265;8;5.6
6H1CUT32ZHP4P450GG454GPR2XCLHI;Electro;1012;0;0
UQGXDN5K76I7DWO0LP0XA1PX7PG1IN;Electro;1424;0;0
PQGRADRYFIF0BAO0ZSCJ5YJMOZ0MCW;Hybrid;1246;8;2.7
1K4WFKZUYFLBE7BMMLE5SQAUFO53M4;Electro;1050;0;0
TWL7K6CUWPS8KX2JC54KUQ672L4MEN;Electro;1036;0;0
H2M0ZB2ZJF0DXQE3O3TXU7L2EEZACR;Hybrid;629;8;5.4
CBNQFNONBXNFRH3V8IKI37D3DDSRKX;Petrol;1383;8;3.3
8I6JXHV8PETNK2DDOIHOYHL5REJI37;Hybrid;1447;10;5.4
5OBBMHFPSSMTBR135Y3CSCPTHSILD5;Petrol;662;4;5.8
6A5EGTH0Q1PTGVA7M2XQE4ZSLHIFG6;Petrol;463;8;1.8
8ZIMTZFIB4KP30KRYUOG7MMACZGVVK;Electro;681;0;0
LCK1UQHPZTYZKM5I1WTOBT425MONQ5;Petrol;170;12;5.6
BMAFUS22G35CQ5JLC5TMMDMEYUEMSN;Electro;1333;0;0
KT1J1ZP2ZBEXIXX8VWEYPHF5EIQHCB;Hybrid;489;6;5.0
P1MDRTZ4YVL8PR3WNNHVBT26S8HCSR;Hybrid;773;4;2.2
HUX7542V6W0GOSADYAXSH7L7G8AGFS;Petrol;352;6;6.5
QAMIJM76X5QTWTSNEE0SOZMYFL2C31;Electro;933;0;0
A4JWOW6XBD8PL8TR43Q7FYB16DUYXJ;Petrol;1081;10;2.6
151POF706IJ1T8RZU5Y2U0FOIRNDWU;Petrol;357;12;1.0
MW72X40QD1KRP86GI8E6S11B6BO7EE;Electro;704;0;0
DO4UBH6SREZ8EV8UESYXX1NXBZW4ZR;Hybrid;495;8;2.3
1W81N52MM30SW2SA74YMV10OEYIB2X;Petrol;1149;8;4.5
D0M720GKXJZHFLBBKH0CJEMJVYOD40;Hybrid;1053;12;6.7
XVC840NMP4LFSWR2XD188ZZTMLWH2T;Petrol;808;10;4.9
JK506Z6VCFM11WQYLSI4JK745P17XH;Electro;837;0;0
J7DP7KRRMANAUCUJP18MAXO3POSD41;Electro;415;0;0
85S0UU7HGKEW8JIQGG1MO42DETDVN2;Petrol;139;6;2.8
7RO856ZLEHYSE2NQYCHT1PM34LO4RX;Electro;886;0;0
5RUGEPS0YFKWAATMZ0CKK3PSVEHCO0;Hybrid;160;4;4.9
4MJTVTWWTL1XVNQOABVMN30GP1MKAU;Electro;1019;0;0
8CWTE8VL8MA7EA1EKJOCUPIB3IC4UN;Hybrid;725;8;4.1
WELEF1Q5B158EB84CIVTLTOMSBCAWB;Hybrid;1494;12;2.0
AJF0LHIJWHUHNATFYPDMATLA3AY38I;Electro;219;0;0
L1QIMK3JXKVRHXX80BGWK8S42C7JSG;Petrol;946;10;2.7
O3I8X4HUVED62VHIALWQV4GWB2GRAP;Hybrid;856;8;5.7
0PIQUWZEFA0I57DR7VWJY32FJ8275Q;Petrol;894;8;6.9
BZS88XHHPN40WO8UY8B0PL412KSKH3;Petrol;895;12;4.6
N0XW1JE7URZA6GCHTVU1T1AQ720DAI;Petrol;966;6;4.7
NT7E075JCQLC8AXG1LO4TGP0PPSVCX;Petrol;566;8;5.3
GFD7MBSHGXXYBPQDOQMU51PZ8MD457;Petrol;713;8;2.6
83ZGS6EL5MTRCYCU4LKR5IXK8EIOWM;Petrol;150;12;1.3
4545ZORCCS8TS8Z5BMOHG5L8NNLU70;Petrol;1461;4;5.6
4FGBRRN3ZII6A5WEIVWVG3762TR214;Electro;582;0;0
RZBAWSS173GJ4HQKNNRWYMP0BQ2ELV;Electro;166;0;0
5L0SOIOA3JAPYR8NVY6X6V2617RHFZ;Hybrid;1339;8;5.2
2PG4GNTOWART52HR8466AO5NA2G3YE;Hybrid;146;12;3.4
N65623LSQWJAUJWU57K4TOVSXBP74S;Petrol;440;8;5.6
WECEHY15H5YHPGGO4MOOCO1SX5C224;Petrol;1097;8;2.3
6VPP07E4KQ1VNBG3LF36C3VCB2EGTY;Hybrid;1457;12;5.0
UY48NFLWVZ5ZJQHNSOL7K83J47FAOO;Hybrid;1241;10;3.0
VN1ZSMFHZZJPDYN2UL6NMHVOQKZ0SK;Hybrid;417;10;1.5
7QKR6T4UKNL86I0B6W1V66O0G2XT1K;Hybrid;1068;8;3.3
OFE16EJ571Q2GZH68T1S5TSPH05I0D;Petrol;218;12;3.3
F02PGPM6G4H44C0F2HQCVI6QIRBGZK;Petrol;667;10;3.1
ST8A7GHILP4THK14BNHKYN6JLTCFVU;Petrol;159;12;1.2
JBWGXNCQ2HJYZ1UYRKDBO748W4WRAS;Hybrid;1300;10;6.7
1P4X5OU6ZXBMFJA77OQ4NX6RXNEHHG;Hybrid;783;12;2.5
RWGPKNDL4NGOK4VKPEU8CW4KNQFV22;Electro;676;0;0
FBCXDVIRJ4D0NVSWXM27W5BZGQYUO6;Petrol;1108;12;1.6
IOTSOSDYWOLZY16NC42JQM85T3VE7F;Hybrid;786;6;5.0
W2CZZMKTE2SQQUKIWAI7JXLYNMKRN6;Petrol;579;6;4.4
OABK6MRRNZCT5KJLHTFBY1HUUZYKOE;Hybrid;275;8;3.4
MR4ZPRI0LE2T4B6BFYAXCPR7O2B6VG;Electro;672;0;0
JUEUGITT83Q4JZ85SEOA52PW0WYXWS;Electro;1305;0;0
Z0XGP0PGC8E7DO2ZPK8W4T1NH3WZUL;Petrol;844;10;2.2
T7UXWOR1W35YE541A0YU2HNTYEHVQ7;Hybrid;916;10;3.0
YDJ7Z6TYFDKI8Y6ZVBAH18KV3I0G3X;Hybrid;750;12;2.5
ZBT0HFUN5FYBVF8JLMK0OP0SWOB8M5;Hybrid;1011;6;6.3
756IONGPA6R7QBSH0MIZFVFMOAPWCO;Electro;1480;0;0
IKPZC4S56LB4DZB5NLQD08KYJUA54W;Hybrid;1163;10;4.5
WLE3RBNKIHGW4M1GXX84LDJ46LWOR2;Hybrid;361;6;5.5
UZUKJ1F0C8VLSHPZMXHZGVPZEGZ6WA;Petrol;864;8;3.8
S86EGATINW3IFZ3OSCNIT5UDM8F8CN;Electro;318;0;0
5R4WVXKRA0WZOSFF4NK3DTOSQ5RJGI;Electro;715;0;0
0B0B42UCWQ5E2VWU1JUC20V78HBFRZ;Electro;1325;0;0
W4XLQVPJLCOY6NOJ1ED10F5QS0FY3U;Hybrid;1089;8;1.3
MJVBKC5F5QPXT1VR1K5GM1AAMREPZJ;Hybrid;898;8;3.2
7KK2UDTCBRIX2N3W71ROT22FO4YU1I;Petrol;1159;8;5.4
ELMYNPDJM8W6BRSKIQX5NBVPZ456BR;Hybrid;1321;12;1.1
P0T2UEX8GBBPWGGN856EBG4LARBVKX;Petrol;288;12;6.2
FWXY8OIJX5FC3AQO85JF8VRMHK4HH0;Electro;975;0;0
1LZNG5724AUE43DP0WQFII4US1S5F3;Hybrid;651;12;4.3
M135C16UGDI8OWE5R6ZHFBKT3O6VIG;Electro;1033;0;0
H7BLX518E2P42KVCMXSI5NC7AMPMSI;Hybrid;409;12;3.3
M8VNMY3E823DNW2TCYGAM7YNF22BK4;Hybrid;1297;8;4.1
M2XT7SCL2NIJMVEZQPV7BSKH0M0G3A;Electro;1411;0;0
OTXYD4LY1HLA0T56X1QOWGQJJYSTEJ;Petrol;906;8;4.0
B1JSZGY24TWU5I0G37ENR03EMZ2CR4;Petrol;775;6;6.8
FZ0WW1AVH3LJRC4XQFV517D81OCBJ1;Electro;1388;0;0
RES75XK1DEZQU2XK6IVGKO2EI5KX3O;Hybrid;682;6;3.1
1WF2CJZ2A1VM34MFTH4B6RS4LNQGUK;Electro;256;0;0
VB2WZAFSUUNI187CEJWIZHNG752PTG;Electro;1214;0;0
50BGZQ4FIW3T6KS3VI0FS8XB68D5Y4;Hybrid;855;10;2.0
U8JD0G71A4O65YMIOQGH6RRXG2S7US;Electro;1413;0;0
PZVXEBDECMNLR8B33XWPVQQ6DVVFFY;Electro;1402;0;0
KZTBOQDWOO1CJWT1YYVTON8H2GTK48;Electro;1295;0;0
MMR40YHECXQOTGGKYU31B7K1HS5VYN;Electro;292;0;0
0NGPTSJGAYZUHHJOHK0LOTP53M4ASE;Petrol;1038;4;6.7
TEQINAT0NAWYVKLVPG7XT50HEXOLYG;Electro;938;0;0
MA16GZAJQ1UOXNASWBIOVYCGGTPZXB;Petrol;274;8;3.4
DV75KI4HERC66P4EYS4QELYSCHPK5M;Petrol;302;10;3.2
8X2K6W7P3NKVWHLY8VYD3DB3GW1S8I;Electro;522;0;0
KN2DW2V2RU554UG0XUYQ4NR3305NQG;Hybrid;447;8;4.4
KIDHEQ3J0G5JBQNKLYQKXIBE5JOFZ0;Petrol;1420;10;1.0
TXMQSEN5HK5R7M5VONLMLJCQATJFDG;Electro;632;0;0
GRQM6TOE26Y5AZBSBKR8KS03NUKTDA;Electro;1406;0;0
XRBBX6LXCZ7DAHDHY33VUHVRDEITIB;Electro;389;0;0
GOM1KNJA6JMXADSNGZXD07E5860ST0;Petrol;541;8;3.3
M377CRNIOZKEBINB7L3XF4MSQJX11V;Hybrid;226;6;5.0
ZQRG3QBCNE5RCOYT0RXAQ31W5WES6Y;Electro;1438;0;0
XL8FP7V8AIO8GRKWI5QFJTB6WD65RG;Petrol;826;8;4.9
1EF418PLX16VCGT0ZHLDJ6CV7SO2V7;Petrol;1466;8;4.4
5R4OQ8Q7CIERBH8QKFIOO1VXWMTTPK;Electro;691;0;0
IPM70SWBNFJ7A7ZCWLQI8JJJ0HKSYF;Hybrid;480;12;2.1
PDLVWYTVAV2MPEX4RV2Q0XVKG4MXTE;Petrol;1415;12;1.5
TIH6YW5HARZWIT8DEX55SPBIQDGDZD;Hybrid;585;6;5.6
MWHVRQFWX03RF5DCCMZCQ31WJN42YP;Hybrid;111;6;1.9
TAW3Z6MF3AJWREEROZ3J1RTY7IDPRC;Petrol;594;4;4.2
XXV0HAQTKZW4MJUVNZ6GUAGV3SJWKE;Electro;1187;0;0
JYE5MQCUDZCBL7NTDG6JXW4D45GV4Z;Electro;341;0;0
XXAJZDPLWL2TQM8Z7XTWFFD4UCG0PZ;Electro;186;0;0
GVUZAYSZJKD44XCM1R0FWGC45IQL0P;Petrol;1394;12;4.0
50L3QIGYJNGJ3SE70PK5CRHSYZMEL7;Hybrid;1068;10;1.9
SHEXWZJJHGQDEHF3VNA86QYLZO3YBV;Electro;841;0;0
RTCWRS4P7BVNPQK80P4FCIS3DAO82W;Petrol;908;10;2.5
KBN6CZ0TMZTL8L1W3WPPJ0VTO0CSG8;Hybrid;958;12;1.4
M4UXAYD5MBPZYDI0NEJSJD2PQBZFW4;Petrol;1404;10;4.8
XZEWT8J8KKKE6IKDKQCW5ELW1BR6KA;Electro;350;0;0
EAQDEA2N4BORVUG3CDE2L65Q2GOPZE;Electro;1017;0;0
XEJK74VUQC7ZD117LSPCORP8KI8ZZC;Hybrid;1470;8;2.3
20BPEJ4FKL7AHCBCNZ714RDUOUGM8K;Petrol;362;8;3.7
UOJQ4LUEZ0NB3PXU87JTROI72R30OK;Hybrid;488;10;4.2
K3G8H1WYKVRM1RHD42XCOB0RXULWEK;Petrol;651;8;2.0
1Z2UGMG318PUL32VZWL8D5B4FTO7GG;Petrol;190;6;3.7
W0IV71JFX4L6R64NXV1BN87757BZD7;Hybrid;1334;10;6.5
G56W5YWQETRWTTSSAZHAWSGUTGRGA2;Petrol;468;6;1.2
AQ8MKS4SSOE6IBXD7GCNGMSYF0QFYQ;Electro;242;0;0
UQI3O3HEVVSVUC0WG4SIBEHUIV8BP6;Electro;638;0;0
5J3JOJ4L4MN4V7LGMRJ53RBQW41J2S;Petrol;1066;8;4.3
NOXFAL6QZZ2R0VUGWRDJT64L73SKOL;Hybrid;1328;10;5.0
MM2SUPJ3IDCM843L4Z7ZG8URBE4BST;Electro;220;0;0
RGF4XB13ESW5WUEZTPHL7WZKDQ511S;Hybrid;622;10;2.2
5MVCRAOLNX5UX6WLHF70WAKCDJ5W1U;Petrol;1060;6;5.1
C4XM5XGXI31804TFF4E4AXEVE11M0Y;Petrol;1201;10;3.9
K36TW4KYMTF51UVRDRC8UQPMVJ710Y;Petrol;671;12;2.1
A7RA5BTRHW2OZDAFIQTPHIH1TO5Y7D;Petrol;1003;8;2.7
W7TTJWEP1RHZ1S5TSTD35JSOXSZUJF;Electro;952;0;0
N6ZRERQILCQMWDH0XAA71VDS7GPQRN;Petrol;423;12;2.6
OE7JQWBQWI2K6QRKQPC8WWC2OVGI6V;Hybrid;291;12;6.0
CSZ0BILY1ARJGQYZTIV74DG54T1LPM;Electro;743;0;0
CO0QANFFYDZFHF6VY26FFO5MX57YVT;Hybrid;1123;4;1.0
B4JYNC3AUZKEJXVPA3GYGYF50IEBU2;Petrol;756;8;1.6
6Z617ZRKKJH3QFX0RDYK63BBMCO73P;Hybrid;723;12;6.2
XMI13GY0DYCZEPNXF1NN66LDYUY0S0;Petrol;924;12;5.4
QGKPG6RWI1P07DNUCPAYWM66FCA67I;Petrol;1080;8;3.5
0403NH1BV2IJ8MC25N8X8G7YCHU8KP;Petrol;643;10;4.9
S1F8BBLR3SCHT6M27LZALM3FQ2UJRF;Petrol;324;12;4.3
ZFMWAXZGFK4KARMA2X4MB4CE11C604;Petrol;552;8;1.2
4W1B5JS2L2T780K8LKWF7UG2ZZZ0AT;Hybrid;870;12;2.0
8PD8XKX0P8L7XIFF6QL2Q41ZEBGC0L;Hybrid;1301;6;5.7
B6W6HUD1K8UGVHN5HLT8V6OWA8SB5A;Hybrid;369;8;3.4
VKAF11OE76NGUAD0YMHIX0ATRJDZLZ;Hybrid;196;10;1.8
Q8QLVSW20AI7XB6H8SHQI6J3UHVVSU;Electro;1235;0;0
TUVOX31RK5TUJMUVCE6PA0RWU8TX70;Petrol;317;12;6.8
JRQI4TFWUPBTS62GRG5U1YQ3K00JJ7;Hybrid;308;12;3.1
NCTFZZALMZL3X2AMATUZ52L8MYINVY;Electro;1370;0;0
KQJXTSVEGXLZVTY26ZLFKMPSJMLJL0;Petrol;930;8;4.6
BLADG24N3FXK5IGN1XMC1FNTTS3A8D;Petrol;1217;4;6.0
2XTJYL7MRWDN4K1HJTW031IXDAS2DJ;Petrol;1473;8;3.4
WF2E73YQBJOHO268SGFD2XEOHAOSGU;Hybrid;1389;10;1.6
8DLU2WE3XJCVPPPI5Y37KZJTSVRJXH;Hybrid;982;12;3.8
5O2PE7MJ0N2617CROD0JM0RI0JGGOA;Hybrid;1308;6;2.6
4MXD6E3CM36Q56V042O0RYNSKO6Y84;Petrol;259;4;5.0
IH763O0QD56O8RRRBGKKIRWQ4VTIP8;Petrol;947;12;2.0
UEZJQ0ECU01518GUGNMJ83KOYDGK63;Electro;386;0;0
Z4DXRL0V2WQCQLTZ1PIFRSJW6E6KQP;Petrol;1293;6;5.4
J55SFSSJYUM32QFCK6MORSAF5QN6C3;Petrol;952;12;6.5
512W3SLYVC2SKHZQOJYO44FCYQ04CJ;Electro;923;0;0
E4Z6RZHLTJ08EP5UZSJU2WMUDWN2HI;Petrol;1253;4;2.1
LG1C4YFHVV2QAAUPHIINEWMN26VR7L;Hybrid;1123;4;4.4
YOGOWAK6HLG6RTNC57JWVTHEQXI65X;Petrol;722;10;2.6
TYHPSHEDYTC4WFQMG5E2YIBJD4ISTV;Petrol;1277;12;5.2
1YRBD3QX1VMGKNT8G7OFDRSC3U7IHC;Electro;365;0;0
K0PZSS8RJ1HEZ20ZCK55CLYGFBDL2S;Electro;887;0;0
JG5BRGD6D6PKL1FONR0AKQZ4YCDU6Z;Hybrid;1363;6;4.1
JZHN47IMV72S7AD8TSTZHBIKBPZGRV;Hybrid;691;8;2.2
IMGH7A8Y4X3CZ842TQELH3B5ZN26CF;Petrol;1480;8;3.6
A34EV2R0RBWHOQ7PTENAXATHO78GOA;Petrol;795;8;2.0
L5B5KTBBWKVBDHXC7IY671H57I0VDS;Electro;965;0;0
BXBUE2P6EKMKYAZPRQ7E3XV3H5XN70;Electro;1416;0;0
6ZUQ35N32MEZMWT413SZE38SIN3SQU;Electro;1202;0;0
5XHIKVIIC076Z54SZM2T2DQ818XV7H;Electro;704;0;0
WI2I1WNQOCF0IYRNULTYSUHZ3HFANO;Electro;612;0;0
E4C8Y43E0L37OKF5CFMMCXM5QSPPPX;Electro;1336;0;0
B8M41IUI3BG54KQFT68T5XFWKSP82I;Hybrid;496;10;6.8
H03FHG6SLFNIQ5UAXL6UJCS07D0DY1;Hybrid;662;12;5.2
YE8ZOG1YCWQGR0EKDTJX4GHPU1ICK3;Electro;546;0;0
Y5Q11UH6BSA6BQVSFAVOI0GZ1D7PTE;Hybrid;561;10;1.6
AII1FFJUJH1S4JNEN0ZQGXHZM7AP2M;Hybrid;248;8;1.8
JK857J7EAHT5LO2J5RO3WVZRN3SIEJ;Petrol;1087;6;5.2
IGXC5GOCBJZ7CZVQR80ENI3ZA08O7J;Hybrid;189;10;1.1
AJAFGQD8IIGPB6IK60JIE3HLFMOR0K;Electro;350;0;0
85TBXQ8G13HL6VDT7BK4WL1EIV8Y12;Hybrid;502;8;1.4
700EFQL2C83O2WFRXFGBF8003WJDQT;Electro;1413;0;0
DPHBL5KJA66XGT62K5H1UUUVNQB5CS;Electro;264;0;0
RCF0LWX2QRMATCN1YR84BD2CJKYYXF;Petrol;1316;8;1.3
U54FHU5KET0XDL7TXMNV7Z23VR5Y3G;Petrol;830;12;1.2
QAHG3I78M2Y70GJCTAT5QGGLG14JZP;Electro;545;0;0
T4AO2UY7S8GGTHM2QSYC5PYFQ1TXEI;Hybrid;311;4;1.5
2ZSFMNICMHIEQVE4WLFI5QKYZTS8ZJ;Petrol;1049;8;1.0
CB8RCYJTJNNQZCO72GSVTH3CQZDR33;Hybrid;925;10;3.0
JTXWCABQSSYBTGWYKIEDGKNHTV8R23;Electro;1305;0;0
5QQWI4INNJGVCNQ20O31CYNPSU6RQ2;Hybrid;826;10;6.0
VIZ4OQYS7VEWCL7XCZDYK65ULTW77M;Petrol;595;10;4.7
TIWRQ74IXIS2DLEUX500IZLC4JR78J;Electro;913;0;0
UGH2MA1FFH44YTL6APAC25JBOD6417;Hybrid;304;6;1.2
VTY2UA5H8D6ORS2MNM3JZ8M52SKUUG;Hybrid;1126;6;4.4
QDDLJ4ZWBSNFPPJQRXYZC2SZM3K1JG;Electro;698;0;0
NHDN63T8K40VR1RF1XFTH1DGFP4ZWU;Hybrid;1055;8;3.3
WBPZ05BK5UGE3VZJC3A1VPRR73L64S;Petrol;352;4;6.5
ESKMXGP36G2GOZA28I7DVKJS3ZFGMK;Electro;401;0;0
CWVDKLHISHCULE2BKK3YS0O1WE4HOZ;Electro;403;0;0
F5VCGAFB1I5J2WJZGWR1CXFXRKEOYN;Petrol;786;8;3.4
DRLK2ZX1MSMAF2YKMMDWN6O65JBFQM;Electro;815;0;0
OETOTHY2WA16WJ1WVEIL8LYLGKWCML;Petrol;1010;6;2.6
MGW5W2KCIL6B5L6S1W1VDE11J1SK3A;Electro;833;0;0
0HH3UOO2BNJPSHWPSWARJMA2MJ7F8V;Petrol;965;12;2.7
GPD5XHD1VAN8HWAMQDLF7ZWK2JP7NZ;Petrol;122;8;4.7
5BTVHWOIBAWBXDA2NLHJ57OBQOKJBM;Hybrid;902;8;6.4
0BHRQXVD0BH2P7C0CBYTPOELCX65KB;Hybrid;892;6;1.6
ZLWP2SSCC1KLKB5JVFRA1DLV6LC3IB;Petrol;1208;6;3.0
DDWAA2QAKO0MEF1RJKAIT1C1MKCE12;Hybrid;1390;6;5.2
GVZQ1J6W3Z6F6KDGGB6TZSPFSFSZBQ;Petrol;453;10;3.9
SIRJ2K601WLQOIBFLG5SHZFP4TMRO1;Hybrid;441;10;3.9
0C3S2AF3UH6M60OWLKKSHL74ZZCIHO;Petrol;492;12;2.0
NEC0Q80XURZV6DFI7OZJ7XGE8BET8O;Petrol;546;6;6.7
SFC0Y22CV3PNLJU0QSHBNMFU58BP2O;Petrol;334;12;6.1
1YH7P5E7ZOVO4UQJMCAM3WHERHSSM4;Hybrid;707;8;4.2
5J6W8JLGKV7LFFWTJXH834CDC30H6V;Petrol;1086;6;5.1
DBZYF80SPVMI42X8AM7EPR0CKPOSTZ;Electro;1315;0;0
7HFH3NKV38LFIUFWIA6VO6YJF0FL2J;Petrol;1253;8;1.1
KQS1VOJHDGR5BUYXM67MTJJNFXZISX;Hybrid;385;8;4.0
HJQLSES2BM0ONW0D8XE8QMD8MK0VQL;Electro;100;0;0
SJHUE8UTYGDRHRYVHKHLA3VJBZZHHP;Petrol;1350;12;1.5
LM2TCRQLOLBZSUM406WLJ5BJW6YIAP;Petrol;263;4;6.8
YPGHXCZERJ28VOJ5PRRLOWAR7VA0LZ;Petrol;429;4;4.0
LAKKVD1JDEAAEA3G2LRIR3IFFPALHN;Electro;618;0;0
E3XHLY7RSUIJ2DSCM6NWR2HYXLVBYQ;Petrol;1245;6;1.8
H8TLIJDJ03588M5X6VSL37MZIJ8ZQF;Hybrid;249;12;1.5
480DGKHWQ481CVMOWUOEOYNQEJD8R1;Hybrid;1092;10;4.1
Z7I6H56RDV8OOQ66Y3LI3XTOXAJ88V;Hybrid;1056;8;3.1
2EOCRJDJIQI1LK755N0SUOFDBID4NC;Hybrid;211;10;3.3
NYQ3WT4C4D3P8PLZGC0N35K5KET5S0;Petrol;301;8;6.4
53V672K0FRHQER3WPD3D4JOE4WHGFO;Petrol;690;10;2.9
4TPM8FPUEX2RNUNTM0CJMRUHVTK2T5;Hybrid;137;12;4.3
E33XA5WP5NKPJJHOOTXNV27HKRAVV3;Hybrid;219;10;3.4
XP68QECZDA5MXMZV0ZDQEU4K3682SN;Petrol;851;6;4.9
QBMT4D3XIK7DXEVUOTECJFVFESU8U5;Petrol;214;12;5.7
3ZWROJ50JNU38TLVEBTL65WWP6FLZE;Petrol;1227;12;2.1
TYH50FACWVNU8RH1LHW2ZSW204YFJ1;Hybrid;479;6;1.2
IAT0373ILK0VEU5GQPMD4C5IU8T2GL;Electro;699;0;0
KXN5UB6ZXRECNGIVSQLDWFUSR1IJ8G;Electro;550;0;0
LJQCO4XYU4F6ZQ3JE7LZHBXAJQZQRY;Electro;812;0;0
VM4U7X808X2JGLU5S1I0LCJ6V44L0Y;Electro;1127;0;0
BSTWCF5402DWZE42OGO4YIZLVYQ0A4;Electro;357;0;0
I7MB6TK3W66EQX5GB7C2PC70HIHEI3;Petrol;486;10;1.7
Q6DWN4A1L8KU4ICRN7M2S3UL0C7M6C;Petrol;1004;10;2.8
K0KF2344L6VKYS0F5SA5XXN5UGMK21;Electro;953;0;0
1D5LCEMSUECBQYM8VX4845C6ZDF0IK;Electro;211;0;0
GEDSV12OWVP4DVV0TEKQ1KXTZEMPBP;Petrol;705;8;1.2
XGJ64ANMSQUFGF4JWQOY3MRCKJOHF1;Electro;1415;0;0
PE7YPDKZYS1ASRGJVAZ3PDXSO115SX;Petrol;255;10;4.9
AT2D33BW7O7T6U4UAVQ1AANNRXJZS0;Petrol;1423;4;3.0
TQHTVY6PASA1WDFVETZUWSUZW0CZSH;Hybrid;1013;12;5.1
YNJHDRHF0DZCNG1ULZZVLFCRGKAZEA;Electro;1240;0;0
15IZTELLKYNK3M15A3BQIPBFMTBQJT;Petrol;1386;12;3.9
HA2QN7MK31Z0CY72CD3YA5AKX6IFVI;Hybrid;417;10;4.4
BHMKX5AL53CGEK61A5NV02IQ5F326U;Electro;705;0;0
W71TSCOON6HY5GH6VINKMINIRBFSOT;Electro;495;0;0
XXGX4YUS3WBBU1O5E8H8TP02CD5N4Z;Electro;498;0;0
3NVYNKSTSQOHX6QJBX7CYKPGF25C0J;Petrol;227;8;2.2
MT7JFGLR5WEG84HSCBE4QUTHZYN000;Hybrid;1397;10;4.4
WS6J7Z0PAEMPO4Q0LCP57O328QCWG8;Petrol;1372;12;6.7
6JOUMX5ZAD8OYJF7YADP2K0KR44OZ4;Petrol;693;8;4.4
UZ4FU1NHSSZOSH3QKF1IPR6AAHF4CY;Electro;738;0;0
O6GAM01OMM0GI1MPJMG5S64HUVAWOG;Petrol;1322;12;3.5
MQAVCO25JEWCUAX0EJ3H57L6IHCG3F;Hybrid;418;6;5.7
CLKR32KNB4Z7U3YWHE4FWZVMHKOV6T;Electro;385;0;0
UY71I7RJA86JNXM6ZW8B0BUC1OBVEA;Hybrid;293;12;6.4
WIRT6J0WGC723TLUTS2DV4MPNTFMXC;Petrol;435;8;4.3
54VTRRDHRW3R0MG2CKYU7YU17UBQJ7;Hybrid;877;12;6.3
WIHUJJWD65DMNSQD5TYUT5YFCZDBT1;Electro;1113;0;0
TNT6Z4BDVNWOROMW7MM6D1Z5LCAA3B;Hybrid;1449;10;3.9
S664CQJW5GAO52XOWUCFNQV84IP4UQ;Hybrid;587;8;5.1
MDT26604ICUUZIPZCBJA8WPOUBDBZ3;Petrol;372;10;3.0
L7FWVR7M6TBJJFM3PANE6B4A1P01ZB;Petrol;619;6;4.5
ZN0DVWMAJ0JTDKFQPTCDSXQRF1HLXI;Petrol;1222;12;3.0
LPTF35LAZVVHWBJJMNQ5R4R3A0O5KA;Petrol;1183;10;3.1
1UV7PDQ3XLZASMOWZIORXR6JQW5F1M;Petrol;497;8;3.3
ETVKJSHBW1T1JZE10705LYCBALBOM2;Petrol;1283;10;1.2
ZQI0WW52S04EUCUINONGUH6LQQQHNL;Electro;1215;0;0
4UVTQQ034K8IDPCRE0LQUQMOGOCMX4;Hybrid;990;6;2.2
E2JEQR8VY4SQDY2ZLMYFM200CZH526;Hybrid;1431;10;4.1
PMVHFRA6FG8ETBYRF5T3SV2P6B373V;Petrol;522;8;1.6
1FQXVE73IVCE8I3U2UHY0IRQYO8NUE;Electro;794;0;0
3LQ5ZKZCH8Y7B1PJF2EU42XQFJ32BM;Electro;499;0;0
U1PNTNH0C1ITQA3NPE84S3GTE0L63N;Electro;875;0;0
ANYFHBORB5LEIFQUPPSWT5EIW1A8N1;Petrol;483;10;2.6
2QD6RHBDAIX4FLBNS1P3TQALGEBZUN;Hybrid;352;6;3.5
MC57Q0QIOXPAP0QZ75YBIB1N7LN6E8;Petrol;1257;4;3.4
B0NF7X57T6FXU1EFPHZLAZMITM05E0;Hybrid;798;10;5.2
G2QELBPYD5WTN5FT7GXT5OQ8GV8WQK;Electro;388;0;0
M25SHR2SEQG4EEGVQUOMDS0HM7YWAI;Petrol;227;6;4.0
SKMUXM1S86ZL23M441KI47DNZQZMZ6;Hybrid;555;6;1.9
X6YACZRR3YNBPDT86QPO5Y8DBWLAG7;Petrol;222;4;5.1
7H1BDI1R0VYU8SDNIJK45PAGC0BUE8;Electro;1178;0;0
HWGQ86JF4IF1F202EO60WHSO5TYOYJ;Petrol;115;8;6.1
7Q41R7NFMW6KFTWM8U1USDU1ALZ27D;Hybrid;644;12;6.4
A5LP4B3YFOBBTC55KAKXSKWZLB7NX8;Hybrid;522;6;5.9
ZGO0TEYVIBJ1ELXD511UIH43CC7XGJ;Hybrid;1484;6;2.1
XZJGB6NK5AWZQBX8UVQDD4R85MR17L;Hybrid;1098;6;3.9
AX517TN7EAJ5EQCAUEOQ2R14UY6EGU;Electro;343;0;0
W0PF1CR5XAP57N80UMY0Y4IBZLCN08;Electro;125;0;0
S6JGMF1DWETYAY0W03CZ6UDBMAAJR7;Petrol;1246;12;5.2
AIIGKOG0KH1CNOSUGSL8EDJXMPXHN1;Petrol;1226;10;4.1
P0A2IXHXUBEJ10B66ZDOSMOTN1KMG6;Petrol;814;6;6.6
17ZKD2CA3W26PSJCJF5F61UK1R2JVC;Petrol;702;8;5.8
XP2OIWNO8W4DHMV760W7LT8BF0KTA4;Petrol;1243;10;3.4
W18KB1OPVTKOBKMCM6NZSBR1Z20B8B;Petrol;1236;8;2.7
WYW28MB8XG6FZ8E0VUACA3T5KCJLYC;Hybrid;973;6;3.3
T63HXIQCOBPV0XBV0G2G2VAS5IX736;Electro;214;0;0
IZRMLV2VJBG2SMCOGL5TFO74SDEU3X;Petrol;548;6;6.7
MKKGY4G0Q1K5UYEQBEMJADA0NMEECF;Hybrid;1160;8;6.2
NLBKBZ4G8GVIC6DE1KNP1OOXY00SW0;Electro;193;0;0
34TRHL2BZHD3ZJAJUV2S5KFQW7IBQC;Petrol;434;6;3.4
XJ1OLJJB0GPG2T87AJIXFJME3WWAGW;Hybrid;977;8;2.6
CQ6HOCHRRFVFD8M5VXIILWSWL7X8NT;Electro;370;0;0
PSVGO8ZZG4HK8KPU5RF4OEORZEJN8N;Electro;233;0;0
3RT2N3OLGBS7SW77FF3Y1THVRB1OTO;Electro;490;0;0
A6DKLRMN24NUGELFCC1326PML1P60O;Hybrid;959;6;2.9
XXHCGM8SK7ELJ2XKYYF06EWXXG1BZ5;Electro;609;0;0
P7XD07YGJ4UE5Y684E36XOANJVVKNV;Electro;227;0;0
6V4P8VHISNNU6CPBYGMJZDKJ7AB2WH;Hybrid;197;12;1.7
DJ21IFTPVB8UZH7B760MC8AOWJ8RXE;Petrol;1159;12;5.0
613D4LZHJEES7NSO3PNQDTXCZ5SKAA;Petrol;1410;10;5.9
5EQMXNUTXZVXAFVE17TUKV40BIJGCM;Hybrid;314;6;6.2
ABLR4PIWMIB3AO1X6V6C4ZV7YQVK1E;Petrol;1347;10;3.8
TRTNAGRYCMHS1IZNTL40P16U2VA6RI;Hybrid;756;8;3.5
3WUUBM6FH2Y6U1KQ5UUCU3HELTZSKC;Petrol;1413;12;3.4
F3WWKENWZ1RRA1OZGBPRSE45OEQ6X1;Petrol;1202;8;1.6
DH5VK7J7S8BM7GQ1FZ8SGTZBFAZFFS;Hybrid;873;10;2.7
HPHUEVASZTSNDMAGTLILMQPD1ZYHOB;Electro;857;0;0
RX3HYO5J0VZ8IASVRCX5L5MDUFPF5Y;Petrol;979;4;1.0
XIL086KQO67OUNIRKY1WYY5C4GZ6PP;Hybrid;520;12;3.5
LLOXLFJSC6A34GBFDKWI0CGC3BN42J;Hybrid;1494;10;1.8
6PEXRLU7JBIOPH5IVN4V2LZL77AEPB;Hybrid;1480;8;6.0
FSKVWHSZPS20TXAX88R6K3OP6NIVX1;Hybrid;1153;12;6.6
FPFS7BR3OJ4KX2TRYCTFHVEO7XVDUW;Hybrid;797;12;6.3
TZYNHJYFOV80ALDPR1YWJBCZSYYZXW;Hybrid;698;10;6.4
3CCGBOYFC8R8ULSQGIMCLGMJGD7GR7;Electro;887;0;0
5C7JDI6MLDCAM48T5LU7PNVLO3FEIH;Hybrid;263;4;4.1
F0PJM7C3IS4UUC85DJQJQ3GCCA7PKM;Hybrid;683;6;6.3
AG35K066TDZVRG5QYA1RU7ED0C3VE3;Electro;552;0;0
4BY3FVJ07B0CEF1GH6D7ZE6PXT7FPH;Electro;1406;0;0
LACK0U7IMC7PCJN24ZVDS8TTDUTIAO;Petrol;1230;6;5.3
4CALJRWVFXA7JKCWI44EGU347O0CM7;Hybrid;1153;10;5.1
H4YVB1YO04EJPMJ6BM55JOWGKHWLI2;Electro;595;0;0
2P46JGVUMQUG5YXNNGEN78OWDL4TFS;Petrol;729;12;6.4
381JI6Y7VUASG1Z3XDO0OVLE5OAENQ;Petrol;1183;12;4.2
UPL1BHC0E2IRLWOYLFF2HEP8V436U6;Petrol;141;6;4.8
JCAO8IBQB8R7HJC20VMXMQ6S42QBAC;Hybrid;1499;12;3.2
GJBBZSFKYBG48433QY5S75T4ZC5IJ0;Electro;1473;0;0
RQY583QSN7UXPF2M16YXCI6CN2BXZV;Hybrid;381;12;5.1
W6XQT3D24NVMA2543KKFBMEELG0IGT;Hybrid;581;6;3.5
FHG42Q01MVILZYK7W70A76I2D7SF0H;Petrol;1068;8;5.3
701PQ1QIW2RL5LJCNBLUAOOQXBWH0F;Petrol;1339;10;6.7
B766DR4BZRCN14U0601X5EDBGMNPUM;Electro;953;0;0
VJZ3H5ZNIZFAUER650TLDNIQOXM1P5;Hybrid;404;4;4.8
TMIKJ2JWZTGM0EQAETYTWU8QXJ68U3;Hybrid;1125;8;3.0
JCPO6SVT2TYC8CSOXCID5R53DR2WUQ;Hybrid;524;4;4.1
SRBY05FL80PGANL1FJ4F0FA8VKS2QM;Petrol;851;8;6.7
SBY30IVAFMXFX4UGLTPXO6OYUGBHI5;Hybrid;1334;8;4.6
I6LCQKZFYU4WXZOPUT05JFEHYS2AXW;Petrol;1173;8;1.1
BL2BV16K1OXPIBHHXKXA7201BDLKBO;Electro;858;0;0
336K8E0FO247I5MVDYLL05XRY3QC8A;Hybrid;351;10;2.2
GEO4TA8VEQDM75IGEME761P866CG8G;Electro;364;0;0
J1YEHO71QJXFMPSSKF5IOGXT0LUYXY;Electro;1323;0;0
8MWEAGJ5UGOQQ4RCOCKDKCYZXL8461;Hybrid;1083;8;2.9
0R0JQDY6AZIBWH6Y43X6EV3LTNQPZS;Hybrid;817;10;1.3
5HTTGBMPQVH5S6E1OYMUG1IRILT2Y4;Petrol;712;6;3.3
6KLNE1UEBBKUUHT5JWXDKF6AMPNLEP;Petrol;130;4;2.0
260HD3P5PGLHXIQDRJ86VFL44YVJBG;Electro;778;0;0
RYBTN61PTFK56SRUPZGCTWLOSR8CED;Petrol;1371;6;6.1
PVTVFE8S1NXJ7UKAWODGINWKZ6FS4B;Hybrid;1132;8;5.0
AVORD3PQ5RDQSEXPJVUJNBXMM6J1K8;Electro;560;0;0
YX53CYEB32F5E1ARCHX7GNKNAAVJZS;Hybrid;417;6;6.9
84EAKQAS266CDL8ZOGQZ71D3JH6SI3;Hybrid;678;10;2.4
JOQ7F8GCCBJYDRC5A2KRCCU8RLLFOK;Hybrid;932;8;2.8
26YETDMSYDWJBNAOWN1NHP2L466Y74;Hybrid;135;12;6.3
ORZQ2MXCSDTFT6IIZVZWVTHAHEXDN1;Petrol;490;10;5.8
HVFW47NPGDRHIQ70FS41CAVUYDOI7B;Petrol;622;12;1.4
VZ5GTXSS1N787HRYW0PKBZG1OA2X5G;Petrol;1464;8;2.4
3X4N4BNHH4L6S0K2ZMQOQQ5LS505LU;Electro;1298;0;0
IRB3516NJ1Y1KUZJUSYFRNGJHQ6NFQ;Petrol;540;4;6.4
63BERINRXP1REQUMJS8VV0WG65P1CU;Electro;474;0;0
1BEZYTMRYECJC5UXRTEVK45D5EWILP;Hybrid;427;12;6.7
ZED8QYUGI2XTACABIJ1YVLVW0ZQMQ5;Hybrid;1464;12;5.2
Q0AVBCRLGQZ2RO0LNXNR6H3XTF0RM6;Hybrid;1116;6;5.0
ZBDNNQEMASMBQ5N3ZTV2MXNOWM21Z7;Hybrid;846;8;4.1
277NNL1YALI62ETUGZPZ4F1DFUNEZM;Electro;258;0;0
JUT5ZJLCVF3YF5OCGRMUHF2DGWNHL0;Petrol;1359;8;1.9
JEEOLOBHDQ4W2GMIVJP4XDQ0LC754N;Petrol;1187;12;1.8
LH6YNS7O4RGBR7TQZHPU1K564WAMVB;Electro;836;0;0
OGIFQCITHEVV6RUQDQ4HCTJBTSWU73;Hybrid;641;8;4.1
AHSX54CJZL4O5YSZWJMILGKHVD6J0H;Hybrid;1034;8;5.2
3R4T28C0TUP0TOYHK7HLSJMAA8TT5N;Electro;485;0;0
OW0ID3Z64UPCA2CPEIIG8KQV7X0JP1;Petrol;407;4;5.5
CPU5YHU57IVLCT5A7US1HUG8YKKNDN;Electro;613;0;0
YDED4A3NQ8YJR85UZK135U1EA8XJ2S;Hybrid;1064;6;4.3
3Q472T50X1Z2HAMFTRMEZPC01AO56K;Electro;961;0;0
C4NZ75A8IV4MUHT4Z65SO6CMVP4Y4M;Electro;529;0;0
437L3BATDYWN05BXZJFUTCZ6MT4A01;Petrol;1112;10;1.2
FQT3IN8BGI3FWAW6C8HPKNW8FCZV6I;Petrol;403;6;5.0
80TKVSEFZ6IPQ3XOH13XYAYU4ZJYBF;Hybrid;275;10;5.9
FGCYV8UE4O11CTFI1720SELALETGIW;Electro;562;0;0
UE3K4L7LICCIF6OQHNEGXEDM8VRO4G;Petrol;1412;10;5.5
PMSFQ6W731IM6INUFN4WGYN51RI4PX;Petrol;1044;6;5.5
863EKG0E3ADSGQEQ8XSNDBWSHXKXGQ;Hybrid;101;8;3.8
PKHQ72W37ZX8ZLC5AVNMMMSXXJALNC;Petrol;678;12;6.7
BNMFCCRWLHB3P0R6GN5HVHFFWJPWX5;Hybrid;426;12;5.7
YWMWVXI6RDQ2HDCMSXDJ10WRVKQCWJ;Hybrid;1094;6;6.3
UHJDN8QW0SX1MROPFY4DXTDPNTYT57;Electro;1155;0;0
0CON87A7OXEM1FR78NKQRG74RJDJWD;Hybrid;1449;12;1.2
OTZUDVON1RJM41IMGC7OEEL6BU3QPN;Electro;1088;0;0
XLLM2V1HFWFAEBMPLDCD4D1HEH5DWR;Hybrid;995;10;3.9
LGX5GXQ7YJFI5U8Q4P6L0J6V8811PW;Petrol;1114;8;3.6
OZ304IXUEMZWC7J8NBNZUOY2CY64M8;Petrol;1135;6;6.3
HC1YRO8QJQM76YNUDPPWBYR1N22HKU;Electro;882;0;0
A24QV5T2V2EMSRVAV2ZAS0Y41V3HA1;Hybrid;1079;4;5.3
4DW6ILUT348R54YMJ0J7TB7EW7DQUQ;Petrol;275;10;6.1
FIIGN2QJYVMIA4VV172422MPH43BTB;Petrol;1362;8;3.4
TQJNAF8PYTLXNEFV75VWOXKDQSBNG8;Petrol;416;10;3.9
YYABWSW3TX3424BFARK3TJJRBNZHCX;Electro;674;0;0
MZM6YSNIUPRS1XFLBHOCBOGVG1E62F;Hybrid;987;4;4.8
CEADS1RQTEMHX1FQ4P1UFSUFEOPUIF;Petrol;537;10;6.4
O1WJGP2SK3JPHUV1GSCQBLZRYBHOOL;Electro;450;0;0
JQWNNDSGEACLLW2VHM58GDZRX7OAO2;Electro;1018;0;0
KXX6PLAO5N63U5G1L0UT364N0QXKQD;Petrol;1188;6;2.0
YQQERVEJP5JR3NMZPZJZ3SC6DIFXEW;Electro;406;0;0
GL1MZ754FZR7RC84T65YTQNS5VL750;Hybrid;314;8;3.8
TC85YOPS0CLG2AN760LP1BBEWWHSGC;Petrol;1018;10;3.0
X0MGZW7V7HQQ2LKVSY6KWU256TTJHJ;Hybrid;1222;12;1.8
QZAG02ZIO8VQ77L61AHW324RT6EKLK;Petrol;1125;4;2.5
ITMOLPDD1BMR35TWLO0I2DCAQ4TGJF;Hybrid;307;10;3.0
IUWXV7JYDLT6VEMETIZG0J4T5DJ2EP;Hybrid;1065;8;5.1
0EIJ8HCRKLM4NA6EHPKFK44LT0A6ZV;Petrol;810;12;4.2
UI5OT1SKI0W3KP3MJVFPAYKKRPP8GK;Hybrid;417;6;3.4
N6S5ESM2WFQ3NLJXGCWKGFTLA618M8;Hybrid;760;4;3.5
JPAOKWU47P2IMJCP5QEZKIBICRVRID;Petrol;1364;12;5.4
82UUEG3LHY1X0DJBN4O2PI0H77IMRE;Hybrid;1070;12;6.2
ER7XRE4RNIRZ54KIZ2T065OF8504D8;Hybrid;1195;6;1.9
AJCJMQ8GY0DNTSQLJV6OWDI5KZWIB8;Hybrid;587;8;2.0
1BKIGBOB4YOLNZJ7PAFQE3RR0ELJT3;Petrol;158;12;2.5
8TMHSCZIQ6FUYBAPDQY0J03FHML3EA;Electro;181;0;0
6WFG3GP3AYJ20L67XHDKH2INM7MQ5T;Petrol;967;10;4.9
T1PPZZA1IMJ5KZJMFHE4KJDCKY1FDV;Hybrid;1095;8;4.4
607VAYCNPU8D6ZPUMHZQZ8IY22RQKU;Electro;148;0;0
IXJTTPBRBHCXHT440CN1SG5KVEYY84;Petrol;582;8;4.7
J1MQK6TGOAPSMDGLTC184SE8MUVBI0;Petrol;1113;10;2.7
Z0M5W03OPGYCGS0AQVQ8OBU0LM8N8E;Petrol;450;12;5.4
M1AIU8AK7VN1WBLIO4666GLAPDSMXC;Petrol;1076;6;3.8
BXNI8E7DAPTQCA0BWNSS68B7GKY0ZL;Electro;279;0;0
A838QWT5ADM8LF2GJRNPARUYOVRHCR;Electro;762;0;0
MT63NDV4MP7MLPSYF77CA1RPITLNJO;Hybrid;457;6;2.7
4LWFZAH14TJH63X3WSYI2VNXFOC1Q4;Hybrid;616;10;5.8
1P3YX27X1UMTS5BJR3I302KUMQ1HY2;Petrol;1075;10;3.9
YYWSKE70ZWQT7NI33W2V11PXKJZO42;Electro;808;0;0
ZDIIETGC6JZ44YP3GOYR6B22OMW1TM;Hybrid;324;6;3.7
JGMWLSNHGXXYFGG31P8EEGNNSZTSFU;Hybrid;661;10;5.0
D458AVSTSR88KADVY2G8TVOUQOKIP8;Electro;840;0;0
ETDPWVHUP57HR5H44T2H48B0BHJCYQ;Petrol;1241;8;1.0
U7HVZJZZZD7B8VXYC0V8OYI8HRJBGG;Hybrid;1179;8;2.8
1T0FRVHYWHKHIEV870RSYMGDJEZFXD;Electro;1448;0;0
DVDDLK3NP6NZBF33WL10QZWZWEJZQS;Electro;547;0;0
YYLVR2X616X7QOSDRXWV2B3M18KYZ5;Hybrid;114;6;6.0
VT2SMQ1GHQYHAKKZ5IOOAMH8R2IKAC;Hybrid;1426;12;1.4
J6B211T1QO0ETYPWQGVLCCF24G8VPM;Electro;1165;0;0
5DNMLIVN5ST52CO4VZMKP2ZV80DG26;Hybrid;734;12;3.7
GD1XJN1SYTRYCLEJSD1JY6QT2P3H2W;Hybrid;1328;6;4.2
PK0B5OH23SZA6NCSK57LH2SS8UKDQ3;Hybrid;689;10;2.8
S2XH2M1UDJINW3ZNGO1PS3JJ2Z3EJQ;Electro;218;0;0
3RUYUS17QPEDNVJMX5U4HO6OF7DB55;Hybrid;1044;8;1.8
GX2Y2HBGA35N8H0EB166LDN4SY1L1Q;Petrol;550;12;6.0
FUMF4LXZ88BMFPRLH8AJPKSV1PY4SL;Hybrid;262;8;5.5
PSIC20251I186NF5MTMZKFBC5FOGZ7;Hybrid;1109;8;4.7
BVSEC47GHVUHBGJQRL0E7MB87KVFOD;Electro;982;0;0
QKIX7K3A7DG3HVI7SEGI3EFV73OQ5E;Electro;318;0;0
QCKYWHEIC6A1L1SP0KR6SBOY8ZBCFX;Hybrid;624;12;3.3
